3840.03,-22.940604332723133,-43.2162486460403,1321,1782.56,488,1.9,1.85
3840.03,-22.94612887715973,-43.23049223627564,1297,1782.56,488,1.6,1.58
3840.03,-22.944094547885886,-43.226077444536564,1221,1782.56,453,1.5,1.72
3840.03,-22.949335371771465,-43.228132688915274,1203,1782.56,462,1.6,1.67
3840.03,-22.949270761039244,-43.21592290349581,1109,1782.56,461,1.8,1.8
3840.03,-22.938036662669614,-43.21869708934347,1164,1782.56,495,1.9,1.58
3840.03,-22.952924850348357,-43.209472029411685,1453,1782.56,408,1.8,1.7
3840.25,-22.88622754276162,-43.29993659887948,1106,1782.56,413,1.9,1.61
3840.25,-22.879140934535073,-43.31465830443273,1021,1782.56,462,1.9,1.53
3840.25,-22.884515064075128,-43.30885510020373,1128,1782.56,445,1.8,1.81
3840.25,-22.86827359246388,-43.306865667656936,1374,1782.56,464,1.6,1.75
3840.33,-22.91028673760022,-43.33425040318272,1221,1782.56,473,1.9,1.59
3840.33,-22.919900509814042,-43.318646163075826,1472,1782.56,459,1.5,1.67
3840.33,-22.915782401999593,-43.31604649723578,1134,1782.56,423,1.5,1.95
3840.33,-22.91310260834522,-43.32048431971824,1262,1782.56,483,1.7,1.62
3840.33,-22.914510366061585,-43.32731909392035,1135,1782.56,417,1.5,1.65
3840.33,-22.911531330208067,-43.33466347514434,1311,1782.56,447,1.6,1.76
3840.52,-22.93700229125134,-43.31577285970551,1200,1782.56,483,1.5,1.78
3840.52,-22.921195096613324,-43.332603424151806,1159,1782.56,428,1.7,1.94
3840.52,-22.938232430656996,-43.332831557175915,1415,1782.56,449,1.8,1.81
3840.52,-22.932254295802966,-43.31346460592686,1452,1782.56,425,1.7,1.99
3840.52,-22.937125041162723,-43.331710227643846,1258,1782.56,489,1.6,1.62
3840.63,-22.8691762152736,-43.327469399985894,1099,1782.56,451,1.8,1.64
3840.63,-22.866199938792978,-43.310043701565995,1211,1782.56,477,1.9,1.57
3840.63,-22.855597795338134,-43.32219237917987,1335,1782.56,463,1.7,1.71
3840.63,-22.866735574515605,-43.31326254533301,1423,1782.56,437,1.8,1.71
3840.63,-22.861973109924868,-43.31272841002601,1048,1782.56,423,1.5,1.59
3840.63,-22.868554253814978,-43.327895485612935,1298,1782.56,459,1.9,1.78
3840.78,-22.916243530518685,-43.21851151739819,1137,1782.56,444,1.7,1.79
3840.78,-22.920877734986554,-43.22270615063283,1498,1782.56,464,1.5,1.53
3840.78,-22.9290959128105,-43.22125504937559,1141,1782.56,479,1.9,1.86
3840.78,-22.924897633335437,-43.217350390254595,1487,1782.56,492,1.5,1.93
3840.97,-22.865413798929644,-43.25845298193912,1326,1782.56,441,1.7,1.93
3840.97,-22.861098763532407,-43.25578190869536,1228,1782.56,413,1.6,1.99
3840.97,-22.850588347914506,-43.25505009921189,1239,1782.56,466,1.6,1.99
3840.97,-22.852951928142073,-43.260111578608395,1245,1782.56,478,1.7,1.56
3840.97,-22.859725543962888,-43.247606846293756,1107,1782.56,413,1.8,1.68
3841.26,-22.926844817885968,-43.26685255516725,1202,1782.56,400,1.7,1.58
3841.26,-22.920678313852754,-43.257601583879485,1242,1782.56,479,1.7,1.73
3841.26,-22.91747914638677,-43.25510779945845,1477,1782.56,419,1.7,1.87
3841.26,-22.922127168946183,-43.25853239970927,1206,1782.56,448,1.8,1.94
3841.86,-22.895766769677785,-43.337681018217104,1452,1782.56,467,1.8,1.84
3841.86,-22.898182022080444,-43.355146239244604,1309,1782.56,449,1.7,1.58
3841.86,-22.897028036690408,-43.34147712611617,1116,1782.56,454,1.6,1.93
3841.86,-22.897810348307033,-43.341981455076024,1433,1782.56,455,1.7,1.55
3841.94,-22.9472790619428,-43.34573577943109,1338,1782.56,433,1.5,1.78
3841.94,-22.940428545557882,-43.34871527645545,1084,1782.56,440,1.9,1.5
3841.94,-22.94439916429069,-43.35620484574496,1266,1782.56,445,1.6,1.87
3841.94,-22.93785297014589,-43.34575878484374,1388,1782.56,417,1.5,1.56
3841.94,-22.94148565724318,-43.35352596576872,1495,1782.56,452,1.5,1.82
3842.1,-22.920802897777662,-43.21235494860611,1456,1782.56,468,1.6,1.94
3842.1,-22.93359712614211,-43.218888703892105,1144,1782.56,480,1.5,1.99
3842.1,-22.917053950425988,-43.21137576532437,1390,1782.56,420,1.8,1.8
3842.1,-22.916435854901717,-43.217054373680455,1258,1782.56,487,1.9,1.83
3842.1,-22.922847016916567,-43.208885848903805,1004,1782.56,434,1.5,1.79
3842.29,-22.92969149817579,-43.34955832740029,1204,1782.56,421,1.7,1.69
3842.29,-22.914836168908288,-43.35483605441417,1011,1782.56,451,1.6,1.73
3842.29,-22.915155994371233,-43.35027727821847,1022,1782.56,487,1.5,1.99
3842.29,-22.91101180127112,-43.35340816417165,1042,1782.56,466,1.9,1.62
3842.29,-22.91697191078545,-43.358032447258495,1001,1782.56,404,1.9,1.51
3842.29,-22.912183109070224,-43.33940743117883,1182,1782.56,499,1.5,1.82
3842.29,-22.92394139747074,-43.35394643550819,1052,1782.56,472,1.7,1.67
3842.29,-22.911920448109097,-43.34240289404333,1337,1782.56,456,1.6,1.93
3842.32,-22.834789014679618,-43.28615200753397,1248,1782.56,484,1.6,1.56
3842.35,-22.874901344040087,-43.254063947464154,1362,1782.56,400,1.9,1.93
3842.35,-22.87338975865277,-43.26777406051905,1488,1782.56,423,1.7,1.78
3842.35,-22.870271168493815,-43.25466699507469,1410,1782.56,492,1.6,1.84
3842.35,-22.87798961823171,-43.25891641759962,1357,1782.56,442,1.5,1.69
3842.37,-22.927974979019144,-43.313160507448764,1219,1782.56,414,1.5,1.59
3842.37,-22.925041526079358,-43.294097549050015,1252,1782.56,494,1.9,1.52
3842.37,-22.920079443278674,-43.30903716112229,1168,1782.56,419,1.5,1.62
3842.45,-22.887113422078148,-43.276159302329546,1087,1782.56,474,1.9,1.53
3842.45,-22.88004445942859,-43.2753002069922,1448,1782.56,469,1.8,1.68
3842.45,-22.889515618831318,-43.27942041395292,1289,1782.56,401,1.8,1.82
3842.45,-22.88982930346954,-43.292174538684435,1445,1782.56,494,1.7,1.52
3842.45,-22.897705971451572,-43.28355643367165,1307,1782.56,409,1.7,1.7
3842.45,-22.892104598402295,-43.27869336849419,1147,1782.56,440,1.8,1.62
3842.45,-22.879280408724203,-43.274916351887434,1286,1782.56,426,1.8,1.85
3842.45,-22.89846862315533,-43.27444709198207,1295,1782.56,460,1.8,1.96
3842.45,-22.878503334712484,-43.279991107035094,1377,1782.56,489,1.6,1.98
3842.45,-22.893007807769905,-43.28978240386547,1285,1782.56,429,1.9,1.58
3842.56,-22.87484850709023,-43.348681663440104,1367,1782.56,416,1.6,1.5
3842.56,-22.87992530976965,-43.357688517998355,1420,1782.56,444,1.5,1.86
3842.56,-22.879821755186143,-43.342582278047445,1034,1782.56,434,1.6,1.65
3842.56,-22.869507561885065,-43.34940091069442,1230,1782.56,473,1.9,1.91
3842.56,-22.87955390744966,-43.34204026189853,1297,1782.56,477,1.8,1.64
3842.56,-22.876913189868727,-43.35190400654401,1294,1782.56,485,1.6,1.94
3842.79,-22.944317850679724,-43.30732122571138,1337,1782.56,423,1.7,1.77
3842.79,-22.94919345326093,-43.30171925195507,1105,1782.56,420,1.6,1.93
3842.79,-22.939597878054062,-43.29508743414651,1400,1782.56,491,1.6,1.91
3842.79,-22.943851158933168,-43.31305149852531,1286,1782.56,446,1.8,1.59
3842.79,-22.951155265305392,-43.29630568659307,1109,1782.56,423,1.8,1.77
3842.79,-22.93592473214382,-43.29494235847463,1476,1782.56,440,1.5,1.74
3842.79,-22.942569657611322,-43.300642286323644,1123,1782.56,408,1.7,1.85
3842.83,-22.870712239862314,-43.335689787871814,1277,1782.56,458,1.8,1.67
3842.83,-22.877801907501798,-43.35540245268608,1101,1782.56,433,1.5,1.53
3842.83,-22.871883617491275,-43.34119585912308,1039,1782.56,498,1.6,1.88
3842.83,-22.869810986129725,-43.344196980051564,1146,1782.56,487,1.5,1.58
3842.83,-22.87611012000703,-43.34035102078466,1457,1782.56,406,1.6,1.99
3842.83,-22.887190086963045,-43.343079862534616,1337,1782.56,463,1.6,1.88
3842.83,-22.875831461841912,-43.341126176671985,1012,1782.56,458,1.7,1.67
3843.13,-22.91188453586991,-43.25206303706568,1030,1782.56,406,1.7,1.8
3843.13,-22.90880655600239,-43.23027533125598,1054,1782.56,463,1.8,1.5
3843.13,-22.912663670938734,-43.24859860262575,1323,1782.56,409,1.9,1.82
3843.13,-22.906159435215788,-43.24722331876978,1220,1782.56,417,1.7,1.78
3843.13,-22.90276558866248,-43.23084825146698,1297,1782.56,415,1.5,1.84
3843.52,-22.86847633198115,-43.33378209122827,1061,1782.56,486,1.9,1.75
3843.52,-22.869136829110438,-43.323177820766574,1390,1782.56,487,1.7,1.65
3843.56,-22.959791872923567,-43.24667700095613,1147,1782.56,476,1.9,1.83
3843.56,-22.95761009446526,-43.24578908228327,1323,1782.56,464,1.6,1.68
3843.56,-22.955977723269964,-43.250838438487655,1008,1782.56,443,1.5,1.52
3844.04,-22.923795399330956,-43.31926025817663,1258,1782.56,481,1.9,1.89
3844.04,-22.93087340441793,-43.325573501569615,1413,1782.56,480,1.5,1.92
3844.04,-22.933056221799465,-43.32979853047162,1319,1782.56,434,1.5,1.92
3844.04,-22.928485300269468,-43.32289725456141,1429,1782.56,478,1.6,1.73
3844.04,-22.9290516161586,-43.31851108646742,1139,1782.56,442,1.5,1.57
3844.04,-22.922307354028288,-43.319893606739726,1315,1782.56,415,1.7,1.81
3844.06,-22.92910833628695,-43.23042939925329,1256,1782.56,461,1.9,1.59
3844.06,-22.92644707372714,-43.245382739330864,1188,1782.56,472,1.9,1.86
3844.06,-22.93329487051723,-43.24580778602545,1173,1782.56,438,1.7,1.56
3844.06,-22.923414035060205,-43.24037041364818,1474,1782.56,491,1.8,1.74
3844.13,-22.919670402652557,-43.34707600264319,1476,1782.56,402,1.8,1.98
3844.13,-22.911418975594458,-43.339561646305775,1179,1782.56,414,1.5,1.61
3844.13,-22.92779354054313,-43.34672096879818,1152,1782.56,412,1.7,1.88
3844.13,-22.925252573131775,-43.35695120759381,1149,1782.56,495,1.8,1.92
3844.13,-22.922653479073062,-43.33461100157479,1274,1782.56,475,1.6,1.57
3844.18,-22.943561810554076,-43.25957161339891,1004,1782.56,470,1.9,1.69
3844.18,-22.94298106675071,-43.256505150509966,1455,1782.56,445,1.9,1.53
3844.18,-22.93803303970961,-43.26454489381528,1000,1782.56,434,1.5,1.99
3844.18,-22.952384127404695,-43.26253848150847,1471,1782.56,476,1.8,1.58
3844.18,-22.94427006829623,-43.27093071795665,1263,1782.56,436,1.7,1.92
3844.18,-22.938973725470614,-43.26326879824548,1430,1782.56,459,1.9,1.78
3844.18,-22.952273322559776,-43.25317737342381,1466,1782.56,414,1.8,1.61
3844.4,-22.952607477750224,-43.281674706791236,1449,1782.56,495,1.9,1.78
3844.4,-22.94714780255964,-43.292424918504366,1294,1782.56,440,1.5,1.97
3844.51,-22.95186460959003,-43.286332569754535,1282,1782.56,493,1.6,1.53
3844.51,-22.961894486128745,-43.28211434427803,1492,1782.56,482,1.8,1.82
3844.51,-22.96217522980196,-43.27531481455514,1132,1782.56,452,1.5,1.86
3844.96,-22.901350527048628,-43.32228513198711,1285,1782.56,466,1.9,1.98
3844.96,-22.914933558728702,-43.331121783104784,1148,1782.56,406,1.5,1.83
3844.96,-22.91195050617877,-43.327890755738025,1438,1782.56,421,1.9,1.81
3844.96,-22.911865258105692,-43.33288763862696,1157,1782.56,489,1.7,1.9
3845.09,-22.886514124079365,-43.217833122415016,1197,1782.56,459,1.7,1.84
3845.09,-22.886096306129406,-43.22289468226674,1023,1782.56,496,1.9,1.54
3845.09,-22.88524228756657,-43.21720629835045,1403,1782.56,481,1.6,1.52
3845.09,-22.88677352854542,-43.214511985202385,1111,1782.56,421,1.8,1.74
3845.09,-22.875419234354876,-43.223919229176644,1170,1782.56,443,1.7,1.59
3845.2,-22.8823710758148,-43.22742240880282,1351,1782.56,469,1.7,1.56
3845.2,-22.881591440781445,-43.222057084489116,1492,1782.56,468,1.5,1.84
3845.2,-22.88199037015417,-43.219352782426576,1315,1782.56,460,1.8,1.52
3845.2,-22.888468635894768,-43.208807132584575,1144,1782.56,426,1.6,1.86
3845.2,-22.882113787750544,-43.209169057465886,1332,1782.56,487,1.9,1.7
3845.2,-22.882711340879787,-43.20593471126366,1163,1782.56,431,1.7,1.51
3845.2,-22.87315452379641,-43.20882102934802,1068,1782.56,439,1.7,1.9
3845.2,-22.877328455399738,-43.20758835282139,1263,1782.56,406,1.9,1.97
3845.2,-22.875942709355126,-43.21338590019329,1165,1782.56,480,1.8,1.58
3845.2,-22.869489613003665,-43.21475184804464,1020,1782.56,478,1.7,1.93
3845.2,-22.87102050968155,-43.2117429731536,1259,1782.56,414,1.9,1.62
3845.26,-22.93761399169608,-43.26795484490016,1096,1782.56,440,1.6,1.74
3845.26,-22.942395048441927,-43.24999489431375,1162,1782.56,466,1.6,1.97
3845.31,-22.96102086715446,-43.27882776570569,1405,1782.56,479,1.7,1.8
3845.31,-22.95132296560423,-43.29139858725803,1297,1782.56,422,1.9,1.67
3845.31,-22.962763628745144,-43.29077145964287,1431,1782.56,461,1.9,1.78
3845.31,-22.9589576747785,-43.275549682177896,1246,1782.56,451,1.7,1.77
3845.31,-22.96075752621485,-43.283608021033295,1272,1782.56,431,1.6,1.86
3845.31,-22.959045788131434,-43.28388209750132,1090,1782.56,436,1.5,1.98
3845.35,-22.907891536402715,-43.26311457832142,1392,1782.56,485,1.5,1.77
3845.35,-22.892013682561313,-43.25280376503629,1199,1782.56,487,1.6,1.64
3845.35,-22.89333667215078,-43.25705908444867,1101,1782.56,437,1.9,1.84
3845.35,-22.90142124903963,-43.25818088348756,1076,1782.56,403,1.8,1.63
3845.35,-22.89258364927472,-43.25931484287755,1011,1782.56,450,1.8,1.52
3845.35,-22.908292279365345,-43.26011667372537,1311,1782.56,427,1.5,1.58
3845.35,-22.948541212740018,-43.35402075544887,1164,1782.56,416,1.8,1.95
3845.35,-22.937025170212735,-43.34607708176876,1161,1782.56,424,1.6,1.84
3845.35,-22.935575513665608,-43.34908678822824,1387,1782.56,431,1.8,1.98
3845.35,-22.95237974501727,-43.34859578536263,1227,1782.56,466,1.8,1.66
3845.35,-22.952204459161813,-43.3498549701926,1434,1782.56,406,1.9,1.91
3845.35,-22.95165036784177,-43.34809470133841,1141,1782.56,438,1.6,1.79
3845.35,-22.93214969133338,-43.34364247770607,1364,1782.56,425,1.5,1.88
3845.35,-22.93670961134396,-43.337217339872055,1420,1782.56,453,1.6,1.52
3845.35,-22.94345329224097,-43.334625315826045,1251,1782.56,433,1.9,1.81
3845.43,-22.922259163761503,-43.284217194023775,1492,1782.56,433,1.6,1.87
3845.43,-22.927777079844496,-43.27145599418303,1283,1782.56,455,1.8,1.8
3845.43,-22.937864028229814,-43.27278730839769,1188,1782.56,446,1.8,1.86
3845.43,-22.930379610038692,-43.2881690831859,1409,1782.56,428,1.6,1.51
3845.43,-22.926504325964142,-43.29130404015314,1196,1782.56,491,1.9,1.78
3845.63,-22.965210051820947,-43.311463531063524,1067,1782.56,492,1.6,1.92
3845.63,-22.9664801291896,-43.29998340942075,1176,1782.56,449,1.8,1.66
3845.63,-22.964809295575993,-43.30331742458325,1441,1782.56,486,1.5,1.7
3845.63,-22.9605990967283,-43.299817331382286,1296,1782.56,464,1.6,1.63
3845.63,-22.97195933332266,-43.29617890320921,1484,1782.56,410,1.6,1.65
3845.64,-22.9529845661311,-43.315150495587034,1446,1782.56,484,1.8,1.63
3845.64,-22.95615786359221,-43.32366368853194,1239,1782.56,466,1.7,1.64
3845.64,-22.95812348770142,-43.33197639102608,1333,1782.56,496,1.9,1.9
3845.64,-22.947982200423045,-43.32137490943343,1211,1782.56,416,1.8,1.78
3845.68,-22.868897702995227,-43.34122771113095,1451,1782.56,457,1.9,1.81
3845.68,-22.876679582595887,-43.349437419752206,1159,1782.56,495,1.7,1.86
3845.68,-22.88358718779476,-43.35181019314248,1432,1782.56,462,1.5,1.58
3845.68,-22.882387342035564,-43.35209117821957,1463,1782.56,486,1.5,1.56
3845.68,-22.876247764983347,-43.349392326805145,1191,1782.56,431,1.8,1.78
3845.68,-22.8855275143794,-43.33927134159185,1074,1782.56,496,1.6,1.73
3845.77,-22.933725960360725,-43.25236314776666,1366,1782.56,439,1.8,1.92
3845.77,-22.924394457223748,-43.235940957877546,1045,1782.56,421,1.7,1.53
3845.77,-22.94202184013266,-43.24685226847711,1437,1782.56,474,1.9,1.93
3845.77,-22.933256350790373,-43.240815044315646,1368,1782.56,470,1.6,1.84
3845.77,-22.930980846710444,-43.2514580134136,1286,1782.56,497,1.9,1.59
3845.77,-22.88177337989364,-43.25849820296179,1140,1782.56,418,1.8,1.98
3845.77,-22.88243196378353,-43.268668489609944,1271,1782.56,483,1.6,1.68
3845.77,-22.87443176098696,-43.258270443533085,1251,1782.56,418,1.5,1.86
3845.77,-22.871651174899583,-43.254358687317705,1372,1782.56,487,1.7,1.6
3845.86,-22.940088898684174,-43.258254875294526,1489,1782.56,435,1.6,1.56
3845.86,-22.937103106792698,-43.27083642656362,1366,1782.56,423,1.8,1.5
3845.86,-22.945345420876603,-43.25232642145245,1044,1782.56,466,1.7,1.86
3845.86,-22.950913679448895,-43.259270229119124,1170,1782.56,484,1.9,1.71
3845.86,-22.936044793634643,-43.25891342604831,1350,1782.56,405,1.9,1.6
3845.86,-22.947816601508496,-43.25725920895007,1344,1782.56,458,1.8,1.9
3846.24,-22.898898753923362,-43.24773013153571,1479,1782.56,467,1.9,1.72
3846.24,-22.907535357150934,-43.25759549278208,1424,1782.56,423,1.9,1.81
3846.24,-22.90530200905951,-43.2671934656564,1050,1782.56,455,1.9,1.88
3846.24,-22.894296967709405,-43.264904710934196,1439,1782.56,493,1.8,1.91
3846.24,-22.89741027626767,-43.2485156187605,1466,1782.56,406,1.7,1.52
3846.24,-22.906380651358692,-43.26378850039079,1041,1782.56,462,1.9,1.73
3846.24,-22.894818185069358,-43.26008123828151,1429,1782.56,416,1.5,1.69
3846.24,-22.90537882050348,-43.268117907042445,1316,1782.56,464,1.8,1.85
3846.4,-22.85968106183214,-43.25654668091217,1413,1782.56,445,1.5,1.88
3846.4,-22.859468276710203,-43.250652877959475,1252,1782.56,494,1.8,1.73
3846.4,-22.851516929256736,-43.25115613262679,1209,1782.56,447,1.7,1.53
3846.4,-22.860104866514927,-43.262401147573456,1303,1782.56,414,1.7,1.71
3846.45,-22.86871648066631,-43.23302225120343,1136,1782.56,469,1.6,1.62
3846.45,-22.87026827469983,-43.24616877208733,1354,1782.56,470,1.8,1.72
3846.45,-22.868067974248856,-43.244780972728385,1361,1782.56,420,1.8,1.65
3846.45,-22.870571631768673,-43.237820444780525,1158,1782.56,419,1.5,1.96
3846.5,-22.92653034037992,-43.29018435535532,1219,1782.56,436,1.7,1.53
3846.5,-22.922740423437695,-43.28646525573108,1309,1782.56,418,1.6,1.58
3846.5,-22.92278807981882,-43.27903019276809,1296,1782.56,497,1.7,1.96
3846.5,-22.929518413644317,-43.28701380467592,1317,1782.56,496,1.6,1.87
3846.51,-22.846914480220246,-43.286298983080044,1075,1782.56,454,1.5,1.7
3846.51,-22.851880262837902,-43.2834089470311,1105,1782.56,457,1.7,1.95
3846.51,-22.852770721380512,-43.2869733589929,1267,1782.56,475,1.5,1.68
3847.13,-22.95338779031473,-43.30112348643771,1401,1782.56,432,1.9,1.92
3847.13,-22.943685727048138,-43.303112952474855,1386,1782.56,457,1.6,1.89
3847.16,-22.97127911314109,-43.2711467740237,1057,1782.56,420,1.9,1.51
3847.16,-22.96999965963436,-43.27296390572474,1092,1782.56,409,1.9,1.96
3847.16,-22.975642086070412,-43.26670593112149,1342,1782.56,479,1.5,1.69
3847.16,-22.975035507325234,-43.269117317985476,1222,1782.56,480,1.6,1.73
3847.16,-22.958549678560004,-43.26449966319049,1071,1782.56,423,1.9,1.78
3847.16,-22.960158458682372,-43.26183829698461,1442,1782.56,410,1.5,1.66
3847.16,-22.967153833213434,-43.263112248769495,1134,1782.56,461,1.7,1.89
3847.16,-22.96264407364312,-43.262985832580696,1338,1782.56,423,1.8,1.52
3847.84,-22.90706413965905,-43.32760144970738,1392,1782.56,438,1.6,1.71
3847.84,-22.919638711450347,-43.328878425676834,1467,1782.56,406,1.8,1.51
3847.84,-22.90306034244268,-43.334118945337444,1411,1782.56,472,1.8,1.71
3847.84,-22.911993801193187,-43.332832014963586,1097,1782.56,465,1.8,1.86
3848.0,-22.875321684082913,-43.27787483347103,1114,1782.56,407,1.7,1.74
3848.0,-22.863748815108462,-43.28532007256955,1482,1782.56,478,1.9,1.5
3848.0,-22.87676277794688,-43.27639831307295,1132,1782.56,415,1.6,1.73
3848.06,-22.95063306593656,-43.31009973546702,1218,1782.56,494,1.9,1.9
3848.06,-22.93611128724564,-43.3023550057388,1436,1782.56,486,1.8,1.52
3848.06,-22.94439340648408,-43.30764708745946,1206,1782.56,444,1.6,1.8
3848.06,-22.93627875517077,-43.3025822835864,1358,1782.56,430,1.9,1.82
3848.06,-22.942718697785892,-43.312932953829666,1142,1782.56,485,1.8,1.88
3848.13,-22.896192354830994,-43.24478133645024,1240,1782.56,459,1.5,1.65
3848.13,-22.89778264533728,-43.23375590563539,1371,1782.56,470,1.9,1.61
3848.13,-22.891348970164508,-43.245391077489046,1217,1782.56,468,1.8,1.69
3848.13,-22.921798009185206,-43.35405714476244,1050,1782.56,457,1.9,1.67
3848.13,-22.926388968108284,-43.34299623673273,1375,1782.56,470,1.7,1.51
3848.13,-22.914971501308447,-43.35597297474551,1408,1782.56,494,1.8,1.5
3848.38,-22.926748167652296,-43.212244889556864,1026,1782.56,488,1.7,1.64
3848.38,-22.915966157838724,-43.22682873492322,1111,1782.56,481,1.9,1.68
3848.38,-22.918677777704932,-43.220494956517314,1244,1782.56,496,1.5,1.76
3848.38,-22.91805905430859,-43.208811931628766,1042,1782.56,489,1.7,1.78
3848.56,-22.928704173862286,-43.28880747592764,1414,1782.56,482,1.7,1.99
3848.56,-22.93809008243247,-43.27771115504783,1168,1782.56,475,1.9,1.83
3848.56,-22.922392208303226,-43.276449489713784,1019,1782.56,426,1.9,1.66
3848.62,-22.886850704036693,-43.320130934472324,1037,1782.56,449,1.6,1.84
3848.62,-22.89315523055246,-43.33113877814244,1405,1782.56,406,1.8,1.97
3848.62,-22.894367190640466,-43.32288521061808,1084,1782.56,484,1.9,1.72
3848.62,-22.886757142453213,-43.323064125587464,1371,1782.56,414,1.8,1.97
3848.62,-22.89030194708859,-43.31844352765754,1051,1782.56,466,1.6,1.52
3848.62,-22.8934936015846,-43.32995394879989,1100,1782.56,418,1.5,1.62
3848.62,-22.88566987142377,-43.314867924845856,1426,1782.56,438,1.9,1.99
3848.95,-22.93900763732541,-43.2889815277899,1405,1782.56,426,1.5,1.83
3848.95,-22.929598147160853,-43.28857596315153,1454,1782.56,436,1.9,1.6
3848.95,-22.92775307469197,-43.28966658124978,1227,1782.56,471,1.6,1.57
3848.95,-22.924846578239922,-43.28552513478505,1139,1782.56,478,1.5,1.67
3848.95,-22.936369020793343,-43.291272147604126,1279,1782.56,445,1.9,1.78
3848.98,-22.87437982124983,-43.23193459967111,1380,1782.56,467,1.6,1.59
3848.98,-22.871436102065367,-43.2368067542943,1090,1782.56,466,1.8,1.81
3848.98,-22.869490488343285,-43.235059719438176,1178,1782.56,489,1.7,1.98
3848.98,-22.86271997842484,-43.23138405059175,1476,1782.56,449,1.5,1.52
3848.98,-22.87356511918588,-43.23061025212757,1107,1782.56,406,1.5,1.64
3848.98,-22.863281125010385,-43.24569211444431,1497,1782.56,421,1.8,1.92
3849.19,-22.90592794553255,-43.222026691027374,1297,1782.56,457,1.6,1.79
3849.19,-22.900524757198763,-43.21886477596801,1358,1782.56,436,1.8,1.79
3849.23,-22.94040874560241,-43.242253145484646,1345,1782.56,422,1.5,1.74
3849.23,-22.929916994006412,-43.23398964143371,1043,1782.56,470,1.5,1.84
3849.23,-22.94084290387158,-43.23812188316259,1249,1782.56,432,1.5,1.84
3849.23,-22.940436682447768,-43.246422089467984,1078,1782.56,492,1.9,1.65
3849.23,-22.943479532759877,-43.24732176182623,1155,1782.56,492,1.7,1.58
3849.23,-22.940725099284595,-43.242685991117696,1329,1782.56,449,1.9,1.55
3849.23,-22.927976326115196,-43.24853832302979,1300,1782.56,484,1.6,1.75
3849.23,-22.928459134625903,-43.23042933511046,1295,1782.56,434,1.5,1.57
3849.33,-22.955505230622588,-43.31148571294631,1189,1782.56,459,1.6,1.8
3849.33,-22.970662754133855,-43.30494111177533,1196,1782.56,429,1.9,1.91
3849.33,-22.961556269037988,-43.29487260965609,1468,1782.56,458,1.9,1.59
3849.33,-22.96492487635688,-43.29538205201004,1247,1782.56,456,1.5,1.65
3849.33,-22.953642773413307,-43.30548781958954,1000,1782.56,492,1.6,1.66
3849.45,-22.952411662975706,-43.332916631627334,1408,1782.56,463,1.8,1.61
3849.45,-22.959631356484355,-43.3357536509015,1386,1782.56,489,1.6,1.54
3849.45,-22.949258855129028,-43.33018091785687,1482,1782.56,494,1.6,1.92
3849.45,-22.951804502776938,-43.32515883916227,1158,1782.56,401,1.6,1.89
3849.56,-22.893849175213834,-43.311281375698975,1007,1782.56,465,1.5,1.56
3849.72,-22.922531767702935,-43.227981636731315,1070,1782.56,453,1.5,1.99
3849.72,-22.921199917345884,-43.210636850183555,1345,1782.56,448,1.7,1.66
3849.86,-22.91683904379145,-43.312041459662034,1418,1782.56,477,1.7,1.71
3849.86,-22.924672333029772,-43.32922092898465,1017,1782.56,456,1.5,1.93
3849.86,-22.93340714192982,-43.3364010247243,1014,1782.56,422,1.5,1.91
3849.86,-22.938360132395342,-43.33093373249281,1444,1782.56,444,1.9,1.66
3849.86,-22.9208455490521,-43.330590094335356,1155,1782.56,459,1.5,1.59
3849.97,-22.93147352687697,-43.253560521736105,1414,1782.56,495,1.7,1.59
3849.97,-22.928243237401354,-43.261594399589015,1033,1782.56,465,1.5,1.85
3849.97,-22.923845905081834,-43.249738430189176,1331,1782.56,425,1.9,1.51
3850.11,-22.878256968837526,-43.32641224846495,1053,1782.56,458,1.5,1.69
3850.11,-22.88286720312589,-43.32360657213695,1246,1782.56,409,1.7,1.98
3850.11,-22.88151454913523,-43.331519784475994,1154,1782.56,419,1.9,1.61
3850.11,-22.897137869507848,-43.327513105296696,1299,1782.56,464,1.8,1.57
3850.24,-22.86808692911295,-43.31310172007677,1106,1782.56,410,1.8,1.9
3850.24,-22.874342772284777,-43.32751308324043,1090,1782.56,412,1.7,1.76
3850.24,-22.858156138325725,-43.317037611645,1262,1782.56,400,1.6,1.85
3850.24,-22.863348973747087,-43.31480479851152,1344,1782.56,495,1.7,1.97
3850.27,-22.963017132000775,-43.296910243572654,1292,1782.56,440,1.9,1.95
3850.45,-22.913272577071663,-43.27570416629302,1218,1782.56,499,1.5,1.87
3850.45,-22.904135384274824,-43.28453607500925,1405,1782.56,499,1.6,1.74
3850.45,-22.916071593011942,-43.29119125807919,1038,1782.56,410,1.7,1.65
3850.45,-22.915417229573627,-43.271324329145706,1396,1782.56,446,1.5,1.91
3850.45,-22.910653893366263,-43.29599632859528,1492,1782.56,442,1.6,1.66
3850.65,-22.86125311843351,-43.28184013792464,1302,1782.56,478,1.9,1.84
3850.65,-22.87189607546906,-43.28056906074118,1395,1782.56,448,1.6,1.83
3850.65,-22.862383245385146,-43.28198595281537,1192,1782.56,456,1.7,1.99
3850.8,-22.918430426450257,-43.251877252165535,1014,1782.56,449,1.5,1.64
3850.8,-22.913072971133687,-43.26440998309607,1108,1782.56,469,1.6,1.92
3850.8,-22.925709584123958,-43.271905330721445,1018,1782.56,404,1.8,1.82
3850.8,-22.911587769152657,-43.26454786539966,1276,1782.56,415,1.5,1.63
3850.84,-22.841390627496875,-43.271644059754735,1100,1782.56,471,1.6,1.58
3850.84,-22.854143610879397,-43.280753182006556,1162,1782.56,493,1.8,1.74
3850.84,-22.84428895609042,-43.28562232618075,1326,1782.56,497,1.5,1.61
3850.84,-22.846436964003967,-43.27630737109304,1234,1782.56,436,1.5,1.63
3850.84,-22.844641304491496,-43.2670883934394,1397,1782.56,472,1.8,1.82
3850.84,-22.848988464249643,-43.280221156072564,1333,1782.56,498,1.5,1.68
3851.06,-22.956639769520617,-43.29173512331099,1326,1782.56,452,1.8,1.76
3851.06,-22.95083240377602,-43.295102073957985,1076,1782.56,417,1.8,1.61
3851.12,-22.941668462688096,-43.2420197711539,1324,1782.56,410,1.6,1.98
3851.12,-22.939032451687766,-43.22930441098996,1102,1782.56,490,1.7,1.96
3851.12,-22.938151030535604,-43.24780219615899,1115,1782.56,455,1.8,1.66
3851.12,-22.92278784932808,-43.24260084558518,1233,1782.56,452,1.5,1.81
3851.12,-22.937300013482876,-43.24668893075272,1379,1782.56,432,1.5,1.74
3851.12,-22.93537905699865,-43.22785196004863,1212,1782.56,469,1.7,1.94
3851.24,-22.883025303513104,-43.331587989888995,1175,1782.56,456,1.7,1.78
3851.24,-22.878304672810053,-43.32707738563314,1416,1782.56,468,1.8,1.53
3851.33,-22.941700551040675,-43.326448377613346,1132,1782.56,405,1.9,1.64
3851.36,-22.88886343223562,-43.22760173713617,1181,1782.56,496,1.6,1.56
3851.36,-22.885960308182543,-43.243218432129126,1200,1782.56,421,1.7,1.63
3851.36,-22.883109924920344,-43.23030446250827,1054,1782.56,459,1.9,1.84
3851.36,-22.900691421593976,-43.23865207547456,1168,1782.56,487,1.6,1.66
3851.36,-22.892717053505056,-43.23923707639606,1429,1782.56,401,1.9,1.62
3851.36,-22.889635017359566,-43.248104636487135,1200,1782.56,409,1.7,1.71
3851.52,-22.940699011597605,-43.21042452163493,1130,1782.56,423,1.8,1.77
3851.52,-22.945754720076934,-43.22845206240872,1200,1782.56,426,1.9,1.92
3851.52,-22.942860110125178,-43.22698150981666,1024,1782.56,402,1.9,1.87
3851.82,-22.943764316706943,-43.35992147230778,1495,1782.56,485,1.7,1.5
3851.82,-22.936258531778275,-43.35698145134435,1145,1782.56,433,1.6,1.59
3851.82,-22.9416927770454,-43.34337018593562,1283,1782.56,407,1.5,1.94
3851.95,-22.85734093212139,-43.28065267487673,1162,1782.56,427,1.9,1.83
3851.95,-22.870711585925545,-43.28884077480675,1011,1782.56,409,1.5,1.51
3851.95,-22.868733645275352,-43.26781950071858,1005,1782.56,492,1.8,1.91
3851.95,-22.865036878779843,-43.27211392320774,1124,1782.56,459,1.6,1.53
3852.04,-22.963195682195483,-43.237348074210416,1425,1782.56,427,1.7,1.92
3852.04,-22.95740601815831,-43.246179151629626,1065,1782.56,473,1.5,1.71
3852.04,-22.953319526289686,-43.230306562944634,1499,1782.56,475,1.6,1.96
3852.21,-22.965145541623066,-43.27053640386652,1108,1782.56,418,1.9,1.57
3852.21,-22.95907345084963,-43.25613901614538,1490,1782.56,476,1.5,1.72
3852.21,-22.957304254565873,-43.26855904391928,1412,1782.56,450,1.6,1.52
3852.21,-22.973461778933085,-43.25349864366763,1235,1782.56,418,1.8,1.7
3852.21,-22.96948616876675,-43.26183248341924,1231,1782.56,424,1.8,1.71
3852.21,-22.97226682154775,-43.260492768216274,1485,1782.56,417,1.5,1.97
3852.21,-22.970959242040742,-43.26400933712912,1308,1782.56,445,1.9,1.5
3852.81,-22.952260997801464,-43.33748298851521,1496,1782.56,432,1.8,1.87
3852.81,-22.947871853450508,-43.328431493558995,1350,1782.56,456,1.8,1.68
3852.81,-22.95541312242333,-43.334642912221426,1179,1782.56,433,1.8,1.65
3853.11,-22.936373729385423,-43.23487684518109,1024,1782.56,480,1.8,1.59
3853.12,-22.918774474656864,-43.33550041817879,1282,1782.56,463,1.6,1.67
3853.12,-22.924062190380244,-43.355185604738395,1399,1782.56,404,1.5,1.55
3853.12,-22.926883888257333,-43.349597684901894,1195,1782.56,488,1.7,1.52
3853.12,-22.910074417878597,-43.34360520859009,1158,1782.56,441,1.9,1.66
3853.12,-22.91851258829912,-43.33668583481351,1383,1782.56,487,1.9,1.65
3853.12,-22.91338126922868,-43.351735475878506,1486,1782.56,459,1.9,1.73
3853.12,-22.920562415152542,-43.35338035874231,1083,1782.56,472,1.7,1.83
3853.12,-22.924271361284042,-43.35728415373058,1377,1782.56,401,1.6,1.54
3853.18,-22.962698809622633,-43.244038644963005,1451,1782.56,410,1.6,1.94
3853.18,-22.9520496158275,-43.24329181952971,1484,1782.56,497,1.5,1.84
3853.88,-22.865415092324792,-43.31958230546623,1187,1782.56,468,1.7,1.93
3853.94,-22.90139823228572,-43.20724677047122,1255,1782.56,438,1.9,1.68
3853.94,-22.90738735173351,-43.223366326926715,1195,1782.56,499,1.6,1.85
3853.94,-22.910723478667904,-43.21690564639534,1234,1782.56,429,1.8,1.75
3853.94,-22.90076375464078,-43.21588063635105,1179,1782.56,404,1.7,1.63
3854.04,-22.9604861875898,-43.2369918773065,1199,1782.56,457,1.6,1.79
3854.04,-22.964932220366574,-43.243940351391934,1203,1782.56,448,1.5,1.82
3854.04,-22.95316875630754,-43.23130249582791,1427,1782.56,424,1.8,1.55
3854.04,-22.960689878734776,-43.23314173829785,1343,1782.56,420,1.5,1.51
3854.04,-22.947296471325373,-43.23458601673825,1205,1782.56,433,1.8,1.57
3854.05,-22.87858460434461,-43.20947934113944,1024,1782.56,445,1.8,1.68
3854.05,-22.882872429556528,-43.208028223836735,1237,1782.56,493,1.6,1.9
3854.14,-22.875554313196638,-43.290881310299675,1282,1782.56,454,1.6,1.55
3854.14,-22.872505537590552,-43.29908957425756,1492,1782.56,499,1.7,1.53
3854.14,-22.870501202181178,-43.30296301687226,1043,1782.56,490,1.5,1.54
3854.2,-22.91156800818154,-43.33409075764849,1051,1782.56,456,1.7,1.53
3854.2,-22.91411765592288,-43.33473887833365,1470,1782.56,445,1.5,1.81
3854.2,-22.900447762456412,-43.331840372043835,1374,1782.56,493,1.9,1.77
3854.2,-22.900167170207332,-43.31726323977364,1350,1782.56,499,1.6,1.77
3854.52,-22.869821826264065,-43.297744873899546,1241,1782.56,404,1.6,1.71
3854.52,-22.87959691101537,-43.31351047044866,1211,1782.56,419,1.7,1.81
3854.58,-22.841893781060374,-43.27788707640673,1478,1782.56,466,1.8,1.6
3854.58,-22.84284480374742,-43.28042706335139,1410,1782.56,433,1.9,1.9
3854.58,-22.847145636917304,-43.27906088965344,1211,1782.56,455,1.6,1.5
3854.58,-22.850576232092614,-43.2723315083507,1467,1782.56,470,1.7,1.71
3854.58,-22.841731393243368,-43.269178304981274,1023,1782.56,405,1.8,1.5
3854.58,-22.844491662990784,-43.29382844160655,1495,1782.56,409,1.9,1.68
3854.58,-22.851716572510263,-43.287269843527845,1470,1782.56,491,1.8,1.73
3854.58,-22.83683955142506,-43.28134917451216,1382,1782.56,427,1.9,1.54
3855.24,-22.968895240461798,-43.284291231982834,1288,1782.56,458,1.5,1.78
3855.24,-22.966918595604568,-43.28093294865415,1053,1782.56,431,1.5,1.99
3855.3,-22.921038499339353,-43.22536208728202,1086,1782.56,484,1.5,1.56
3855.3,-22.92352054831072,-43.21964181557701,1196,1782.56,423,1.5,1.68
3855.3,-22.928520207837046,-43.207737623054015,1086,1782.56,445,1.7,1.82
3855.3,-22.93094706512809,-43.22296305702715,1150,1782.56,498,1.5,1.8
3855.3,-22.92988873650814,-43.226253865233026,1175,1782.56,430,1.6,1.79
3855.3,-22.921558159389367,-43.21784949807694,1011,1782.56,400,1.6,1.88
3855.48,-22.86725175595665,-43.310377436112276,1446,1782.56,497,1.6,1.75
3855.48,-22.862074583029617,-43.331690231884814,1261,1782.56,434,1.8,1.61
3855.48,-22.87278834522668,-43.3200486403346,1230,1782.56,430,1.8,1.85
3855.48,-22.871681640426726,-43.32477484407237,1282,1782.56,406,1.7,1.55
3855.48,-22.86322046629202,-43.330928742020824,1337,1782.56,401,1.5,1.54
3855.82,-22.927814888844548,-43.23562382740592,1234,1782.56,444,1.7,1.63
3855.82,-22.930722447556285,-43.231728594057564,1118,1782.56,439,1.8,1.81
3855.86,-22.87783950977098,-43.23383177613301,1234,1782.56,459,1.8,1.58
3855.86,-22.866443048604204,-43.241954132454204,1091,1782.56,448,1.6,1.69
3855.86,-22.86829429587866,-43.22956755781353,1385,1782.56,441,1.9,1.96
3855.86,-22.865794705074492,-43.225895432586846,1433,1782.56,445,1.5,1.55
3856.17,-22.861798967761516,-43.32941753984317,1416,1782.56,498,1.9,1.64
3856.17,-22.855885541516688,-43.3237577526193,1259,1782.56,495,1.7,1.54
3856.52,-22.940061681259102,-43.33514094777368,1316,1782.56,490,1.5,1.93
3856.52,-22.946662938533194,-43.3566176394305,1081,1782.56,421,1.5,1.64
3856.52,-22.938879579429955,-43.3396997191495,1108,1782.56,427,1.6,1.5
3856.52,-22.942412447281978,-43.34611744413901,1364,1782.56,461,1.6,1.87
3856.52,-22.94793664652491,-43.352308913316165,1029,1782.56,425,1.9,1.91
3856.52,-22.936234118213644,-43.35228709513182,1193,1782.56,403,1.7,1.8
3856.52,-22.943372615482467,-43.35442698984798,1022,1782.56,493,1.8,1.84
3856.52,-22.9456379770086,-43.346453067979155,1271,1782.56,448,1.6,1.54
3856.83,-22.909443027954886,-43.24831244267622,1006,1782.56,451,1.6,1.64
3856.83,-22.90122034435734,-43.23960279580447,1417,1782.56,482,1.5,1.67
3856.83,-22.921369397174733,-43.232761052698095,1297,1782.56,409,1.6,1.96
3856.83,-22.90179248298312,-43.241958217007344,1200,1782.56,461,1.7,1.73
3856.9,-22.915369967464446,-43.26125695077676,1154,1782.56,417,1.6,1.99
3856.97,-22.920619465450518,-43.28643284600246,1361,1782.56,419,1.7,1.93
3856.97,-22.91848473786983,-43.28110792925683,1125,1782.56,419,1.7,1.61
3856.97,-22.900867117187254,-43.27734793251423,1344,1782.56,486,1.6,1.6
3856.97,-22.904787951682188,-43.282843234399074,1266,1782.56,492,1.5,1.62
3857.22,-22.908632232817226,-43.247733483014706,1159,1782.56,417,1.9,1.93
3857.22,-22.904529381514326,-43.2474528642455,1036,1782.56,423,1.5,1.85
3857.35,-22.90490328728734,-43.345322688491876,1421,1782.56,413,1.7,1.62
3857.35,-22.907098122632874,-43.352091833942424,1433,1782.56,490,1.6,1.54
3857.35,-22.88795962669423,-43.340024619458255,1265,1782.56,415,1.7,1.7
3857.35,-22.897138940105762,-43.34766020796878,1165,1782.56,480,1.9,1.9
3857.35,-22.892747163046057,-43.34269713031093,1019,1782.56,479,1.6,1.8
3857.35,-22.888319883658323,-43.34140307766069,1202,1782.56,404,1.9,1.99
3857.35,-22.896788215974087,-43.34799329436342,1029,1782.56,433,1.6,1.55
3857.37,-22.90232059404008,-43.230449023154435,1352,1782.56,403,1.5,1.8
3857.37,-22.896670695598413,-43.2212969914492,1223,1782.56,411,1.7,1.97
3857.37,-22.892634063688277,-43.223255616433306,1166,1782.56,441,1.7,1.83
3857.37,-22.89606340749666,-43.21709674740219,1295,1782.56,476,1.8,1.9
3857.37,-22.91127908675739,-43.21491649055815,1329,1782.56,462,1.8,1.91
3857.37,-22.900976270080022,-43.21345724903582,1407,1782.56,458,1.9,1.59
3857.4,-22.868090624375057,-43.25299325040893,1465,1782.56,483,1.7,1.98
3857.4,-22.877981299133857,-43.25413946519026,1247,1782.56,432,1.5,1.53
3857.4,-22.888835382881776,-43.26253979970581,1406,1782.56,490,1.6,1.87
3857.4,-22.872394835623293,-43.25410616536116,1258,1782.56,416,1.7,1.53
3857.4,-22.87763231334309,-43.25743128768147,1439,1782.56,474,1.6,1.74
3857.4,-22.8844762742103,-43.25065044672508,1353,1782.56,428,1.5,1.8
3857.53,-22.96198779429762,-43.315885145469174,1496,1782.56,458,1.6,1.8
3857.53,-22.971804126353636,-43.30649079680518,1246,1782.56,416,1.6,1.73
3857.53,-22.953569714841237,-43.30790666709155,1092,1782.56,439,1.7,1.58
3857.53,-22.95461140604488,-43.298182242545316,1482,1782.56,437,1.6,1.63
3857.89,-22.88065824796227,-43.315304689506085,1221,1782.56,422,1.5,1.74
3857.89,-22.895193067870384,-43.31988879947078,1320,1782.56,499,1.5,1.88
3857.89,-22.88163869109503,-43.318209961856645,1420,1782.56,443,1.8,1.68
3857.89,-22.88666436309648,-43.32382715843812,1042,1782.56,436,1.6,1.57
3857.89,-22.889429354617803,-43.31322906383905,1099,1782.56,406,1.5,1.62
3857.89,-22.893324797164517,-43.32770970856219,1487,1782.56,447,1.7,1.98
3857.96,-22.858366129499267,-43.273529076561836,1201,1782.56,447,1.7,1.88
3857.96,-22.868709221099948,-43.293847830043866,1216,1782.56,463,1.5,1.94
3858.28,-22.91998959746558,-43.24455418625897,1047,1782.56,439,1.9,1.68
3858.28,-22.90165868113407,-43.23572473159163,1401,1782.56,499,1.8,1.74
3858.28,-22.92163554876752,-43.245955261885555,1255,1782.56,442,1.9,1.57
3858.28,-22.913830186231547,-43.24602659113227,1107,1782.56,457,1.6,1.85
3858.28,-22.911045507398875,-43.243044794796084,1245,1782.56,483,1.9,1.89
3858.28,-22.903474997737675,-43.23874422859309,1362,1782.56,448,1.6,1.9
3858.28,-22.921167937326082,-43.24285302669655,1074,1782.56,464,1.7,1.97
3858.52,-22.848485664499982,-43.274178240121195,1198,1782.56,422,1.8,1.63
3858.52,-22.84210129226904,-43.282243699572525,1169,1782.56,403,1.7,1.95
3858.52,-22.84610915715238,-43.29284089398194,1218,1782.56,445,1.7,1.85
3858.52,-22.848744256804885,-43.28561232309067,1279,1782.56,420,1.6,1.52
3858.52,-22.839332764541627,-43.27240390985754,1322,1782.56,471,1.9,1.76
3858.59,-22.94162596376342,-43.315566518267104,1437,1782.56,472,1.6,1.56
3858.59,-22.940250439340222,-43.311043893778496,1463,1782.56,402,1.8,1.89
3858.59,-22.937697971979997,-43.31028517217125,1005,1782.56,413,1.7,1.71
3858.59,-22.942249178773018,-43.31182219902532,1293,1782.56,475,1.5,1.98
3858.63,-22.925562020887774,-43.21727168711986,1043,1782.56,470,1.6,1.81
3858.63,-22.913782923770697,-43.220133776561845,1265,1782.56,410,1.5,1.65
3858.63,-22.92535911530958,-43.21526762852989,1059,1782.56,436,1.6,1.9
3858.75,-22.921286594916726,-43.266200843272166,1259,1782.56,420,1.5,1.77
3858.75,-22.920276810043415,-43.26607733694345,1333,1782.56,434,1.8,1.54
3858.75,-22.931868762293686,-43.25606824974416,1011,1782.56,493,1.5,1.5
3858.81,-22.917656737824394,-43.266225746491074,1045,1782.56,432,1.6,1.89
3858.81,-22.932162468062813,-43.264510904058184,1233,1782.56,448,1.8,1.84
3858.81,-22.92610352869056,-43.26356237326806,1207,1782.56,425,1.5,1.68
3858.81,-22.914731419262104,-43.25350054444656,1299,1782.56,486,1.6,1.82
3858.81,-22.926123205362693,-43.26459675082839,1280,1782.56,494,1.8,1.73
3858.81,-22.917810068165608,-43.26134857343149,1394,1782.56,485,1.6,1.62
3858.81,-22.92227760324149,-43.26696309197976,1117,1782.56,483,1.7,1.72
3858.83,-22.88876538060635,-43.2387521840533,1237,1782.56,417,1.5,1.96
3858.83,-22.883299267703745,-43.24549788540235,1250,1782.56,414,1.6,1.84
3858.83,-22.890713122974283,-43.24897164568528,1304,1782.56,461,1.8,1.53
3859.73,-22.883807966235874,-43.27202241998721,1408,1782.56,472,1.8,1.92
3859.73,-22.887837148990116,-43.28355384847625,1163,1782.56,497,1.7,1.96
3859.73,-22.888715734439693,-43.294380824582404,1191,1782.56,413,1.9,1.5
3859.73,-22.887195493730925,-43.285956497955254,1335,1782.56,490,1.6,1.91
3859.73,-22.886916002173653,-43.27968202624177,1237,1782.56,438,1.6,1.5
3860.05,-22.937905516086346,-43.25155139509951,1231,1782.56,428,1.8,1.75
3860.05,-22.937863811733205,-43.25602109851514,1267,1782.56,444,1.5,1.75
3860.05,-22.95005562177898,-43.26820057220558,1072,1782.56,416,1.7,1.94
3860.36,-22.912162655607972,-43.26234044458139,1418,1782.56,469,1.7,1.84
3860.36,-22.919676548071013,-43.25510100232224,1045,1782.56,401,1.5,1.86
3860.82,-22.91196099171567,-43.26836265600455,1012,1782.56,499,1.9,1.76
3860.82,-22.92682492772837,-43.25024588292246,1364,1782.56,491,1.8,1.54
3860.97,-22.90920055130333,-43.275719095237896,1035,1782.56,423,1.8,1.55
3860.97,-22.914386678014964,-43.288097341705544,1456,1782.56,410,1.6,1.56
3860.97,-22.913739118207207,-43.27768535363137,1131,1782.56,410,1.9,1.63
3861.16,-22.888662853816445,-43.256802806991026,1367,1782.56,481,1.9,1.79
3861.16,-22.88393575830187,-43.258722871362245,1484,1782.56,450,1.8,1.61
3861.16,-22.88489592796541,-43.26063124608701,1053,1782.56,498,1.7,1.62
3861.16,-22.872129983732826,-43.251265343303665,1296,1782.56,472,1.8,1.91
3861.16,-22.883074832995398,-43.251870183999344,1201,1782.56,414,1.9,1.83
3861.48,-22.917154868207422,-43.22535564808369,1237,1782.56,404,1.8,1.66
3861.48,-22.921797438783344,-43.22524738029976,1454,1782.56,427,1.5,1.92
3861.54,-22.866030609783234,-43.26628223564849,1477,1782.56,466,1.7,1.53
3861.54,-22.85490742902677,-43.270560875399426,1345,1782.56,468,1.5,1.53
3861.54,-22.84606964911806,-43.25906780992805,1276,1782.56,445,1.7,1.64
3861.54,-22.860496585622382,-43.24933220781402,1444,1782.56,496,1.7,1.99
3861.56,-22.87584913900729,-43.21901981401446,1327,1782.56,417,1.7,1.57
3861.56,-22.87733949961822,-43.229375934341114,1053,1782.56,415,1.5,1.62
3861.58,-22.9828567524367,-43.28501543207256,1310,1782.56,414,1.7,1.83
3861.58,-22.974449090520157,-43.27365232619704,1469,1782.56,426,1.5,1.91
3861.58,-22.971441688525783,-43.286871690949944,1002,1782.56,495,1.6,1.86
3861.58,-22.97350125193957,-43.2932478646203,1042,1782.56,408,1.8,1.63
3861.58,-22.981533326032487,-43.275333679193054,1395,1782.56,423,1.9,1.97
3861.58,-22.97301630013181,-43.28576168362443,1301,1782.56,442,1.9,1.9
3861.58,-22.986288039225155,-43.28391907393765,1340,1782.56,454,1.5,1.77
3861.58,-22.975465500335932,-43.296904347836204,1370,1782.56,497,1.5,1.67
3861.88,-22.9218635939565,-43.30411914518559,1207,1782.56,449,1.6,1.9
3861.88,-22.91911057889007,-43.30308281169363,1182,1782.56,492,1.5,1.95
3861.88,-22.913415970364067,-43.310816439035,1110,1782.56,448,1.5,1.95
3861.88,-22.92146530399301,-43.30141541925257,1381,1782.56,400,1.7,1.75
3861.88,-22.916222505981395,-43.29988382975006,1346,1782.56,471,1.7,1.66
3861.89,-22.86262566518998,-43.246962006374446,1204,1782.56,415,1.9,1.57
3861.89,-22.87174890903978,-43.23435941296524,1467,1782.56,472,1.9,1.82
3861.89,-22.870896584153183,-43.240937067073205,1215,1782.56,443,1.8,1.84
3861.89,-22.865600879745706,-43.24512178994558,1403,1782.56,449,1.7,1.57
3861.89,-22.875779611639143,-43.233096993357506,1062,1782.56,470,1.5,1.74
3861.89,-22.862948839515894,-43.24742162240256,1446,1782.56,466,1.7,1.67
3862.06,-22.973854587402197,-43.29383794468018,1019,1782.56,407,1.5,1.72
3862.06,-22.982454418980105,-43.29162963355388,1004,1782.56,469,1.9,1.73
3862.06,-22.970365312361306,-43.289789774627415,1050,1782.56,434,1.7,1.57
3862.06,-22.97589477632288,-43.27095093660794,1113,1782.56,468,1.8,1.9
3862.06,-22.96708081514905,-43.29088557221674,1166,1782.56,425,1.7,1.62
3862.06,-22.982145237562708,-43.274911341844856,1261,1782.56,443,1.8,1.81
3862.06,-22.96686626010584,-43.28425939474204,1153,1782.56,400,1.6,1.96
3862.06,-22.967883720154983,-43.27569017140722,1431,1782.56,496,1.9,1.89
3862.06,-22.9793692389347,-43.27931184068089,1449,1782.56,446,1.9,1.84
3862.07,-22.92944469712173,-43.3452388005637,1163,1782.56,469,1.9,1.64
3862.07,-22.923349819560016,-43.35835661633551,1016,1782.56,440,1.8,1.83
3862.07,-22.916829639050963,-43.35572738974843,1148,1782.56,411,1.9,1.81
3862.11,-22.870916392705066,-43.23348302063026,1189,1782.56,460,1.9,1.81
3862.11,-22.878196536624955,-43.24247776750538,1274,1782.56,430,1.6,1.63
3862.11,-22.860303747465228,-43.23270190370647,1249,1782.56,478,1.5,1.97
3862.11,-22.862118361600285,-43.22889683540644,1107,1782.56,457,1.8,1.55
3862.11,-22.869917451876372,-43.228666921161775,1387,1782.56,431,1.7,1.65
3862.19,-22.884487792810933,-43.26016708216059,1190,1782.56,491,1.7,1.89
3862.19,-22.869625625629734,-43.258865078877,1475,1782.56,401,1.6,1.9
3862.19,-22.868026292123098,-43.25380332897516,1487,1782.56,492,1.7,1.98
3862.37,-22.88383598188826,-43.22539277742855,1400,1782.56,487,1.6,1.62
3862.37,-22.871008992209696,-43.22046980475348,1280,1782.56,448,1.9,1.69
3862.57,-22.86680197711368,-43.3490964273571,1234,1782.56,488,1.9,1.84
3862.57,-22.876502275901988,-43.336529325197056,1011,1782.56,460,1.6,1.57
3862.57,-22.876111481811183,-43.34447921108929,1494,1782.56,494,1.8,1.97
3862.57,-22.872604306488448,-43.35220687963481,1053,1782.56,428,1.6,1.52
3862.73,-22.931497636769496,-43.23375915338607,1034,1782.56,459,1.7,1.95
3862.85,-22.916511157427767,-43.26829563508699,1478,1782.56,405,1.9,1.63
3862.85,-22.921606974938655,-43.2513962358462,1471,1782.56,491,1.7,1.56
3862.85,-22.91367990101196,-43.260877752481655,1328,1782.56,461,1.9,1.64
3862.85,-22.912393788612732,-43.265405959823674,1042,1782.56,488,1.7,1.86
3862.85,-22.91438151513035,-43.26798344252005,1492,1782.56,475,1.7,1.5
3862.85,-22.917396127428205,-43.27003227681539,1458,1782.56,460,1.7,1.9
3862.92,-22.911769419822214,-43.3370448689983,1304,1782.56,410,1.8,1.61
3862.92,-22.9123139663313,-43.33026267905655,1324,1782.56,451,1.7,1.91
3862.92,-22.913113238413732,-43.3342460581476,1410,1782.56,437,1.6,1.58
3862.92,-22.912388384345075,-43.332290811754255,1286,1782.56,480,1.5,1.5
3862.92,-22.906099087746846,-43.33444167881551,1202,1782.56,483,1.9,1.94
3862.97,-22.92026054296298,-43.29158023027168,1146,1782.56,494,1.9,1.92
3862.97,-22.915295948366175,-43.29393203753787,1398,1782.56,481,1.5,1.71
3862.97,-22.91827396043407,-43.29842038652209,1298,1782.56,440,1.9,1.65
3862.97,-22.922801490818937,-43.31219489317246,1337,1782.56,450,1.6,1.91
3862.97,-22.931107001517706,-43.30291317364916,1118,1782.56,488,1.5,1.59
3863.22,-22.938691761803696,-43.32613824073403,1319,1782.56,498,1.8,1.98
3863.22,-22.934070566577347,-43.32212795517861,1342,1782.56,491,1.9,1.71
3863.22,-22.92852340945946,-43.323743340397456,1499,1782.56,426,1.8,1.7
3863.31,-22.90560709269347,-43.33552888869985,1162,1782.56,482,1.9,1.71
3863.31,-22.906970480565256,-43.33203736592745,1227,1782.56,431,1.9,1.76
3863.31,-22.899878330315513,-43.32644840157225,1170,1782.56,431,1.9,1.82
3863.31,-22.911557842287788,-43.319484422048795,1268,1782.56,417,1.6,1.55
3863.31,-22.914735239504,-43.3295204110223,1357,1782.56,439,1.7,1.66
3863.31,-22.89028354194481,-43.31852951252896,1116,1782.56,488,1.7,1.64
3863.31,-22.88702043973026,-43.32387956974416,1244,1782.56,484,1.7,1.57
3863.31,-22.89469872959532,-43.329518852941916,1298,1782.56,487,1.7,1.83
3863.31,-22.880133302360864,-43.331780344597846,1329,1782.56,430,1.5,1.87
3863.31,-22.89699446759671,-43.320758034513915,1387,1782.56,441,1.5,1.56
3863.35,-22.85174860556816,-43.28934240849641,1267,1782.56,438,1.8,1.57
3863.35,-22.838889664769276,-43.27196809923225,1016,1782.56,438,1.8,1.8
3863.45,-22.943266091051086,-43.352839350653426,1226,1782.56,475,1.7,1.92
3863.45,-22.933433204036092,-43.344173104922874,1173,1782.56,425,1.8,1.8
3863.45,-22.93903229889979,-43.346939843616255,1118,1782.56,434,1.8,1.9
3863.45,-22.938210569322298,-43.34286356425347,1166,1782.56,432,1.9,1.77
3863.45,-22.931454759241664,-43.343113236802175,1043,1782.56,437,1.8,1.78
3863.45,-22.86458080154763,-43.26442970896946,1041,1782.56,456,1.7,1.91
3863.45,-22.84753444305823,-43.26501086702056,1451,1782.56,499,1.8,1.72
3863.45,-22.862647009835886,-43.26696922338419,1196,1782.56,421,1.6,1.73
3863.45,-22.85331077688028,-43.248909816640904,1278,1782.56,469,1.9,1.51
3863.45,-22.84953981407703,-43.25982151316618,1442,1782.56,419,1.9,1.9
3863.45,-22.86131761697768,-43.25491339344675,1132,1782.56,494,1.6,1.55
3863.65,-22.92614679633294,-43.289486879481395,1472,1782.56,471,1.9,1.77
3863.84,-22.896375757120204,-43.22738242865912,1035,1782.56,440,1.5,1.88
3863.84,-22.904441692947945,-43.22034612416733,1354,1782.56,457,1.9,1.67
3863.84,-22.891544717468904,-43.22186438782644,1214,1782.56,415,1.7,1.62
3864.02,-22.945913776873354,-43.236385073573835,1275,1782.56,498,1.6,1.93
3864.02,-22.945250461995514,-43.24588146616894,1336,1782.56,475,1.9,1.93
3864.02,-22.952106761277168,-43.23735335222229,1388,1782.56,494,1.9,1.68
3864.02,-22.95621375612706,-43.24411866083773,1269,1782.56,412,1.8,1.75
3864.08,-22.879314069251567,-43.33188047280792,1267,1782.56,434,1.8,1.82
3864.08,-22.88959769904687,-43.3318615865166,1004,1782.56,474,1.5,1.84
3864.08,-22.886139581325274,-43.319638928107146,1419,1782.56,430,1.6,1.72
3864.08,-22.889634973393008,-43.318688067114024,1398,1782.56,477,1.5,1.63
3864.08,-22.883188127737156,-43.335354860828915,1300,1782.56,410,1.6,1.62
3864.08,-22.892608187851966,-43.326900871497806,1458,1782.56,462,1.6,1.62
3864.08,-22.894637272412453,-43.315148131204964,1090,1782.56,483,1.5,1.94
3864.2,-22.900147407006653,-43.30159625283203,1106,1782.56,426,1.7,1.64
3864.2,-22.906482036975707,-43.30910599104071,1373,1782.56,471,1.5,1.84
3864.25,-22.906951745659025,-43.304948003427654,1151,1782.56,471,1.5,1.95
3864.25,-22.903145043409005,-43.3026317263812,1499,1782.56,460,1.9,1.79
3864.25,-22.895336499548588,-43.304891471847085,1026,1782.56,473,1.9,1.53
3864.25,-22.906740201876396,-43.30517211019339,1142,1782.56,494,1.8,1.56
3864.25,-22.904762705867526,-43.30517636802297,1369,1782.56,444,1.5,1.76
3864.26,-22.90745850085447,-43.278764256350804,1380,1782.56,417,1.6,1.89
3864.26,-22.90528680800759,-43.274498677782184,1406,1782.56,458,1.8,1.54
3864.26,-22.91172625449812,-43.2808298486776,1359,1782.56,436,1.8,1.7
3864.26,-22.915682294249166,-43.28459652309579,1236,1782.56,477,1.7,1.91
3864.26,-22.92089879215269,-43.282340152155264,1366,1782.56,463,1.9,1.52
3864.33,-22.96335678200241,-43.2833100809669,1251,1782.56,464,1.7,1.63
3864.33,-22.950936193123518,-43.29294216256176,1114,1782.56,402,1.7,1.54
3864.59,-22.90755643443578,-43.34333928524858,1131,1782.56,480,1.7,1.74
3864.59,-22.896352626054494,-43.354543216447844,1180,1782.56,483,1.9,1.67
3864.59,-22.89956651536369,-43.345149111382874,1255,1782.56,478,1.8,1.95
3864.71,-22.934562272104927,-43.21112490695692,1479,1782.56,405,1.5,1.73
3864.71,-22.95526303643087,-43.22428841908781,1448,1782.56,428,1.8,1.74
3864.71,-22.948216090685428,-43.21178684618803,1308,1782.56,437,1.6,1.55
3864.71,-22.951841545910966,-43.21699815872042,1478,1782.56,449,1.7,1.89
3864.71,-22.936174719247596,-43.22658409906198,1462,1782.56,408,1.8,1.97
3864.71,-22.94712382476614,-43.20652194730765,1320,1782.56,406,1.9,1.53
3864.84,-22.91944412932804,-43.26483735429917,1119,1782.56,425,1.8,1.72
3864.84,-22.92236391602727,-43.25124479184691,1339,1782.56,494,1.9,1.74
3864.84,-22.916123162131672,-43.25342186871354,1061,1782.56,420,1.5,1.72
3864.84,-22.926041194996962,-43.26791015118845,1431,1782.56,478,1.9,1.54
3865.17,-22.90497551496213,-43.24401572026214,1497,1782.56,427,1.5,1.78
3865.42,-22.959507613041083,-43.270001633077435,1194,1782.56,495,1.7,1.73
3865.42,-22.964486551641514,-43.260255423434316,1268,1782.56,490,1.9,1.81
3865.42,-22.955298759056685,-43.267353206772015,1394,1782.56,497,1.7,1.66
3865.42,-22.967684886964864,-43.25667172300721,1386,1782.56,402,1.7,1.88
3865.42,-22.95646910798427,-43.26800929357996,1171,1782.56,456,1.5,1.89
3865.42,-22.958188840420803,-43.25348951316306,1292,1782.56,486,1.8,1.67
3865.53,-22.940426104011678,-43.261916131510276,1293,1782.56,484,1.9,1.72
3865.53,-22.9470105455948,-43.256250419757606,1170,1782.56,488,1.7,1.65
3865.53,-22.94241954466433,-43.25620073272831,1332,1782.56,457,1.8,1.72
3865.53,-22.944700781610415,-43.253697288047825,1205,1782.56,484,1.5,1.81
3865.69,-22.95653935363637,-43.305477233849096,1220,1782.56,491,1.5,1.74
3865.69,-22.964657729390577,-43.31357667366597,1334,1782.56,461,1.9,1.97
3866.17,-22.945282469192048,-43.31455803004289,1127,1782.56,423,1.8,1.84
3866.23,-22.90871603519124,-43.237586979172946,1312,1782.56,410,1.9,1.5
3866.26,-22.89273423046652,-43.23348989128776,1128,1782.56,400,1.9,1.69
3866.26,-22.880173480649166,-43.246231974363646,1241,1782.56,405,1.6,1.71
3866.55,-22.960378386460906,-43.27770775865597,1458,1782.56,487,1.8,1.64
3866.55,-22.958066785275744,-43.27623098206481,1107,1782.56,442,1.7,1.58
3866.63,-22.975601730005852,-43.2967938150682,1129,1782.56,441,1.7,1.84
3866.63,-22.96794716743097,-43.28191846388795,1408,1782.56,484,1.9,1.6
3866.63,-22.983235343552337,-43.27989364571539,1159,1782.56,412,1.7,1.99
3866.64,-22.940832808551455,-43.3278262970879,1054,1782.56,404,1.5,1.99
3866.64,-22.928653438553958,-43.314814546984614,1392,1782.56,438,1.8,1.5
3866.64,-22.935952341837595,-43.335989938616486,1015,1782.56,413,1.6,1.5
3866.64,-22.934817935021574,-43.321237734375494,1446,1782.56,487,1.9,1.88
3866.64,-22.930811599419535,-43.3311052194519,1459,1782.56,470,1.8,1.74
3866.67,-22.90525880574622,-43.303784213317925,1211,1782.56,487,1.5,1.57
3866.67,-22.899561431465745,-43.29747508910562,1185,1782.56,458,1.5,1.55
3866.67,-22.8974967112962,-43.301363548295,1471,1782.56,443,1.9,1.92
3866.7,-22.907617634225033,-43.21213231179246,1498,1782.56,453,1.6,1.68
3866.7,-22.890649847931115,-43.21564832005242,1188,1782.56,431,1.5,1.62
3866.7,-22.910478704084014,-43.213205166035685,1254,1782.56,414,1.9,1.97
3866.7,-22.911015224194074,-43.210214209694705,1362,1782.56,489,1.5,1.94
3866.92,-22.89233277634774,-43.32379759377165,1350,1782.56,437,1.6,1.97
3866.92,-22.886032599077783,-43.31476153941993,1208,1782.56,493,1.6,1.79
3866.92,-22.878871367955174,-43.33166425879628,1283,1782.56,489,1.9,1.89
3867.15,-22.946527631159118,-43.231095016191205,1446,1782.56,422,1.5,1.98
3867.15,-22.95171183145494,-43.216904976609776,1420,1782.56,442,1.7,1.93
3867.22,-22.931086926011478,-43.31597075071834,1231,1782.56,410,1.6,1.69
3867.22,-22.930209575266822,-43.31413706130976,1457,1782.56,494,1.5,1.81
3867.25,-22.962644200740314,-43.276106529024354,1025,1782.56,427,1.7,1.76
3867.25,-22.96032135727654,-43.283010248232905,1421,1782.56,434,1.7,1.51
3867.25,-22.959067736668512,-43.27450288172471,1339,1782.56,464,1.9,1.79
3867.25,-22.944303500715698,-43.28443267659275,1194,1782.56,445,1.7,1.57
3867.28,-22.916619891912674,-43.259730719381004,1298,1782.56,427,1.5,1.76
3867.28,-22.919548841647302,-43.25717301110863,1297,1782.56,419,1.8,1.65
3867.28,-22.925885475432377,-43.25647630379962,1017,1782.56,426,1.7,1.67
3867.28,-22.912039457157256,-43.253910367295575,1120,1782.56,440,1.5,1.81
3867.28,-22.91654280873193,-43.266571719516655,1142,1782.56,498,1.8,1.9
3867.47,-22.890919960275532,-43.26972444236123,1242,1782.56,408,1.6,1.5
3867.47,-22.888260478457358,-43.28605274456157,1151,1782.56,488,1.7,1.94
3867.47,-22.87923735032314,-43.27727976471099,1386,1782.56,460,1.5,1.8
3867.47,-22.882256630703395,-43.28245117057396,1186,1782.56,448,1.6,1.85
3867.47,-22.88157509120745,-43.275805507053065,1309,1782.56,493,1.6,1.9
3867.6,-22.869094662403057,-43.21642396783916,1103,1782.56,470,1.9,1.54
3867.6,-22.883159197682673,-43.213299661943324,1091,1782.56,460,1.8,1.69
3867.6,-22.871255111726466,-43.22040701472527,1361,1782.56,421,1.7,1.56
3867.63,-22.916508382196465,-43.32816806970767,1251,1782.56,448,1.6,1.87
3867.63,-22.90265007842291,-43.33422351538939,1467,1782.56,466,1.8,1.91
3867.63,-22.917309026635248,-43.327881504261605,1072,1782.56,411,1.7,1.62
3867.63,-22.9167896335938,-43.32600182169771,1164,1782.56,478,1.5,1.73
3867.63,-22.90793683569038,-43.32205515404926,1367,1782.56,433,1.6,1.86
3867.63,-22.903667381910353,-43.32607721935335,1266,1782.56,438,1.5,1.76
3867.71,-22.86932905318163,-43.30895562332791,1130,1782.56,450,1.8,1.74
3867.71,-22.87486716760706,-43.30609849079871,1097,1782.56,478,1.8,1.78
3867.71,-22.874122234903364,-43.304806900215056,1355,1782.56,414,1.7,1.71
3867.71,-22.872499247424347,-43.3074448997325,1371,1782.56,480,1.8,1.92
3867.71,-22.88199014960885,-43.30684943159708,1201,1782.56,464,1.8,1.69
3867.71,-22.88054568355645,-43.30441461527006,1478,1782.56,494,1.9,1.92
3867.71,-22.88153371801877,-43.29937555232331,1052,1782.56,420,1.7,1.75
3867.71,-22.871988129377986,-43.301295793454756,1284,1782.56,426,1.5,1.95
3867.81,-22.974950767098484,-43.25685314302483,1363,1782.56,400,1.7,1.73
3867.81,-22.968036459293746,-43.25465935704543,1295,1782.56,442,1.9,1.6
3867.81,-22.961830406581587,-43.2553125024557,1380,1782.56,443,1.8,1.52
3868.6,-22.876828001280877,-43.25968367419456,1044,1782.56,455,1.5,1.79
3868.6,-22.88261997232992,-43.258780642765345,1204,1782.56,465,1.9,1.54
3868.6,-22.883557698398853,-43.259127030222686,1299,1782.56,419,1.9,1.9
3868.6,-22.888672551930394,-43.2532182587354,1282,1782.56,426,1.6,1.52
3868.6,-22.917745814667732,-43.26896144128051,1210,1782.56,484,1.5,1.63
3868.6,-22.92309255009883,-43.26004812017158,1350,1782.56,421,1.9,1.57
3868.6,-22.91885823297936,-43.25408451550856,1222,1782.56,414,1.5,1.81
3868.83,-22.88727937730528,-43.336060052097984,1016,1782.56,423,1.5,1.7
3868.83,-22.88468185093018,-43.31262067771751,1318,1782.56,433,1.5,1.66
3868.83,-22.891469457941056,-43.3321907463536,1415,1782.56,498,1.9,1.55
3868.83,-22.894459813818344,-43.32619595288125,1174,1782.56,426,1.7,1.78
3868.83,-22.894027680357325,-43.324911666908385,1054,1782.56,418,1.5,1.72
3868.95,-22.910847460648185,-43.31053890813866,1183,1782.56,412,1.7,1.97
3868.95,-22.93066857551209,-43.31054084590083,1022,1782.56,437,1.9,1.87
3868.95,-22.927409404911064,-43.295868800153194,1149,1782.56,464,1.7,1.64
3868.95,-22.925674074234667,-43.314558386341666,1003,1782.56,451,1.6,1.76
3868.95,-22.925804957320363,-43.29957580310045,1275,1782.56,424,1.6,1.54
3868.95,-22.92389985180718,-43.30966348407599,1325,1782.56,436,1.9,1.74
3868.95,-22.92511699268617,-43.31185407208306,1068,1782.56,487,1.8,1.96
3869.07,-22.972867716786144,-43.27751082056133,1131,1782.56,470,1.6,1.71
3869.07,-22.972964843844604,-43.281494675452876,1032,1782.56,420,1.7,1.97
3869.07,-22.976567833859395,-43.295266965305025,1015,1782.56,426,1.7,1.88
3869.07,-22.982494861277004,-43.27926284030319,1393,1782.56,497,1.8,1.75
3869.07,-22.982274704484364,-43.29353469435583,1146,1782.56,494,1.6,1.67
3869.17,-22.93347392518263,-43.33784235260203,1409,1782.56,447,1.8,1.54
3869.17,-22.93717634805115,-43.32357003928145,1219,1782.56,419,1.7,1.67
3869.64,-22.915548492067995,-43.311009236911666,1146,1782.56,451,1.7,1.76
3869.65,-22.951576075490692,-43.2656527773768,1015,1782.56,492,1.6,1.88
3869.65,-22.94003404441336,-43.256668363607076,1247,1782.56,466,1.5,1.53
3869.65,-22.951089191017473,-43.25919558330702,1001,1782.56,462,1.6,1.75
3869.68,-22.870082065260792,-43.325129547862666,1404,1782.56,402,1.6,1.77
3869.68,-22.858605914009672,-43.33185760068461,1183,1782.56,447,1.9,1.73
3869.68,-22.864678323541252,-43.33079978260848,1396,1782.56,406,1.6,1.9
3869.68,-22.863952447116016,-43.33586378035636,1412,1782.56,411,1.6,1.52
3869.68,-22.86598420946532,-43.32602418848236,1204,1782.56,470,1.9,1.86
