id,time,latitude,longitude
0,2018-10-02 17:10,59.3878963,17.8022865
0,2018-10-02 17:11,59.3878963,17.8022865
0,2018-10-02 17:12,59.38789629473788,17.80228650672489
0,2018-10-02 17:13,59.3878963,17.8022865
0,2018-10-02 17:14,59.38789629473788,17.80228650672489
0,2018-10-02 17:15,59.38789629473788,17.80228650672489
0,2018-10-02 17:16,59.38789629473788,17.80228650672489
0,2018-10-02 17:17,59.3878963,17.8022865
0,2018-10-02 17:18,59.3878963,17.8022865
0,2018-10-02 17:19,59.3878963,17.8022865
0,2018-10-02 17:20,59.3878963,17.8022865
1,2018-10-02 17:10,58.71022016,15.78885624
1,2018-10-02 17:11,58.71021933,15.78885681
1,2018-10-02 17:12,58.71021927,15.78885671
1,2018-10-02 17:13,58.71021912,15.78885696
1,2018-10-02 17:14,58.71021871,15.7888572
1,2018-10-02 17:15,58.71021858,15.7888574
1,2018-10-02 17:16,58.71021849,15.78885729
1,2018-10-02 17:17,58.71019363539222,15.788864510189656
1,2018-10-02 17:18,58.71021802,15.7888574
1,2018-10-02 17:19,58.71021796,15.78885743
1,2018-10-02 17:20,58.71022719,15.78887444
2,2018-10-02 17:10,59.39452836,17.94967453
2,2018-10-02 17:11,59.3873128,17.93956804
2,2018-10-02 17:12,59.38314464,17.93342154
2,2018-10-02 17:13,59.38614472,17.93676825
2,2018-10-02 17:14,59.38842268,17.93798551
2,2018-10-02 17:15,59.38911785,17.93772611
2,2018-10-02 17:16,59.38845466,17.93783892
2,2018-10-02 17:17,59.38648715,17.93697203
2,2018-10-02 17:18,59.38639873,17.93621163
2,2018-10-02 17:19,59.38644027,17.93646649
2,2018-10-02 17:20,59.386546,17.9366215
3,2018-10-02 17:10,59.36362742030212,17.871585247694593
3,2018-10-02 17:11,59.36738354168796,17.87281877672185
3,2018-10-02 17:12,59.36782357965526,17.870250761961884
3,2018-10-02 17:13,59.36776335006386,17.870457981266608
3,2018-10-02 17:14,59.36776335006386,17.870457981266608
3,2018-10-02 17:15,59.36771435999086,17.87050733684103
3,2018-10-02 17:16,59.3677137,17.8705093
3,2018-10-02 17:17,59.367755404911584,17.870367859519504
3,2018-10-02 17:18,59.36778816210779,17.87049547015896
3,2018-10-02 17:19,59.3659147,17.8721966
3,2018-10-02 17:20,59.36262026347388,17.875566262416537
4,2018-10-02 17:10,59.64564971,17.93454363
4,2018-10-02 17:11,59.64565061,17.93454264
4,2018-10-02 17:12,59.64564404,17.93451899
4,2018-10-02 17:13,59.64566529,17.93450432
4,2018-10-02 17:14,59.6456662,17.93450256
4,2018-10-02 17:15,59.64566598,17.93450257
4,2018-10-02 17:16,59.645666,17.93450215
4,2018-10-02 17:17,59.64566603,17.93450266
4,2018-10-02 17:18,59.64566602,17.93450221
4,2018-10-02 17:19,59.6456672,17.9345005
4,2018-10-02 17:20,59.64566755,17.93450027
5,2018-10-02 17:10,59.2434741,18.0910539
5,2018-10-02 17:11,59.2434683,18.091074
5,2018-10-02 17:12,59.2434627,18.0910901
5,2018-10-02 17:13,59.2434865,18.0911031
5,2018-10-02 17:14,59.2434992,18.0910528
5,2018-10-02 17:15,59.2435113,18.0909986
5,2018-10-02 17:16,59.2434898,18.090973
5,2018-10-02 17:17,59.2434991,18.0909692
5,2018-10-02 17:18,59.2435004144505,18.09095654731708
5,2018-10-02 17:19,59.24331395659844,18.09060511728457
5,2018-10-02 17:20,59.243427399119575,18.090469897552374
6,2018-10-02 17:10,59.44778223625552,17.97349725501495
6,2018-10-02 17:11,59.44778223625552,17.97349725501495
6,2018-10-02 17:12,59.44777089537598,17.973582910051583
6,2018-10-02 17:13,59.44763621804516,17.973427471016198
6,2018-10-02 17:14,59.447074954471326,17.97294722425822
6,2018-10-02 17:15,59.44705933953996,17.972622367233576
6,2018-10-02 17:16,59.44705933953996,17.972622367233576
6,2018-10-02 17:17,59.44705933953996,17.972622367233576
6,2018-10-02 17:18,59.44675363060339,17.97297580764044
6,2018-10-02 17:19,59.44678418725483,17.973015268193738
6,2018-10-02 17:20,59.44678418725483,17.973015268193738
7,2018-10-02 17:10,59.33084483,18.05831782
7,2018-10-02 17:11,59.3308604,18.05886947
7,2018-10-02 17:12,59.32866864,18.06098962
7,2018-10-02 17:13,59.32827384,18.06254691
7,2018-10-02 17:14,59.3291329,18.0634212
7,2018-10-02 17:15,59.3297672,18.0602161
7,2018-10-02 17:16,59.33241858,18.05770241
7,2018-10-02 17:17,59.3340232,18.05624802
7,2018-10-02 17:18,59.33553491,18.05354821
7,2018-10-02 17:19,59.3355565,18.0534203
7,2018-10-02 17:20,59.3354553,18.053522
8,2018-10-02 17:10,59.3330879,18.0760464
8,2018-10-02 17:11,59.3360423,18.0725062
8,2018-10-02 17:12,59.339105,18.068095
8,2018-10-02 17:13,59.3413109,18.0649727
8,2018-10-02 17:14,59.3451916,18.0610548
8,2018-10-02 17:15,59.3460555,18.0602982
8,2018-10-02 17:16,59.3476722,18.0588371
8,2018-10-02 17:17,59.3465672,18.0537409
8,2018-10-02 17:18,59.3487578,18.0509941
8,2018-10-02 17:19,59.3503344,18.0484761
8,2018-10-02 17:20,59.350283,18.044606
9,2018-10-02 17:10,57.6038328,12.0492414
9,2018-10-02 17:11,57.6038328,12.0492414
9,2018-10-02 17:12,57.6038328,12.0492414
9,2018-10-02 17:13,57.6038328,12.0492414
9,2018-10-02 17:14,57.6038328,12.0492414
9,2018-10-02 17:15,57.6038328,12.0492414
9,2018-10-02 17:16,57.6038328,12.0492414
9,2018-10-02 17:17,57.6038328,12.0492414
9,2018-10-02 17:18,57.6038327626884,12.049241373315454
9,2018-10-02 17:19,57.6038327626884,12.049241373315454
9,2018-10-02 17:20,57.6038327626884,12.049241373315454
10,2018-10-02 17:10,59.3436418,18.0556914
10,2018-10-02 17:11,59.3444601,18.0571424
10,2018-10-02 17:12,59.3452712,18.0602852
10,2018-10-02 17:13,59.3453098,18.0607514
10,2018-10-02 17:14,59.343333,18.0628558
10,2018-10-02 17:15,59.3419717,18.0605022
10,2018-10-02 17:16,59.3419715,18.0605024
10,2018-10-02 17:17,59.3419715,18.0605024
10,2018-10-02 17:18,59.3419715,18.0605024
10,2018-10-02 17:19,59.3419693,18.0606439
10,2018-10-02 17:20,59.341969262815006,18.060643901179954
11,2018-10-02 17:10,59.35082909446148,17.886802502175264
11,2018-10-02 17:11,59.35627584577554,17.877080952905043
11,2018-10-02 17:12,59.3602967956496,17.873993286026533
11,2018-10-02 17:13,59.3626855,17.8753414
11,2018-10-02 17:14,59.36367705130936,17.87145835558849
11,2018-10-02 17:15,59.36365250589479,17.87140490766256
11,2018-10-02 17:16,59.36365250589479,17.87140490766256
11,2018-10-02 17:17,59.36365250589479,17.87140490766256
11,2018-10-02 17:18,59.3638422,17.8719641
11,2018-10-02 17:19,59.36365510222311,17.871335605188772
11,2018-10-02 17:20,59.3636808920082,17.871284455179982
12,2018-10-02 17:10,57.64563541,11.96980008
12,2018-10-02 17:11,57.64353818,11.99715386
12,2018-10-02 17:12,57.64652368,12.02040979
12,2018-10-02 17:13,57.65912707,12.01737739
12,2018-10-02 17:14,57.66486386,12.01436848
12,2018-10-02 17:15,57.67115139,12.01056649
12,2018-10-02 17:16,57.67202204,12.00685873
12,2018-10-02 17:17,57.67199063,12.00651144
12,2018-10-02 17:18,57.67231609,12.00833105
12,2018-10-02 17:19,57.67396488,12.00923698
12,2018-10-02 17:20,57.68004841,12.00313053
13,2018-10-02 17:10,59.29249067588568,18.25411371940432
13,2018-10-02 17:11,59.29241953805213,18.253951346063307
13,2018-10-02 17:12,59.29245656296825,18.25370622994924
13,2018-10-02 17:13,59.29253631255824,18.253684929059453
13,2018-10-02 17:14,59.29240952387297,18.253577643126565
13,2018-10-02 17:15,59.2924878,18.2540877
13,2018-10-02 17:16,59.29245630873263,18.254098706547698
13,2018-10-02 17:17,59.29253868263129,18.253983648624427
13,2018-10-02 17:18,59.2926001275624,18.25428098064514
13,2018-10-02 17:19,59.29245105772182,18.25421821072204
13,2018-10-02 17:20,59.2924781,18.2540431
14,2018-10-02 17:10,59.30720630419586,18.113122626522383
14,2018-10-02 17:11,59.30349082498603,18.11341226660333
14,2018-10-02 17:12,59.2972226,18.0788735
14,2018-10-02 17:13,59.2958628,18.0649984
14,2018-10-02 17:14,59.294678,17.9827685
14,2018-10-02 17:15,59.2950722,18.0393342
14,2018-10-02 17:16,59.29934624299098,18.027026414753824
14,2018-10-02 17:17,59.29898735364474,18.009714720047068
14,2018-10-02 17:18,59.29098174170778,17.995014876110346
14,2018-10-02 17:19,59.2898942523205,17.98118849433477
14,2018-10-02 17:20,59.28860130822383,17.97362647243017
15,2018-10-02 17:10,59.6454781293869,17.934284806251526
15,2018-10-02 17:11,59.64549193,17.93420834
15,2018-10-02 17:12,59.64548546,17.93416466
15,2018-10-02 17:13,59.64548563,17.93416139
15,2018-10-02 17:14,59.64548576,17.93415907
15,2018-10-02 17:15,59.64548523,17.93415758
15,2018-10-02 17:16,59.64548775,17.93415587
15,2018-10-02 17:17,59.64548906,17.93415235
15,2018-10-02 17:18,59.64548999,17.93414914
15,2018-10-02 17:19,59.64549104,17.93414922
15,2018-10-02 17:20,59.64549162,17.93414926
16,2018-10-02 17:10,59.64608487,17.93433363
16,2018-10-02 17:11,59.64608505,17.93433324
16,2018-10-02 17:12,59.646085,17.93433286
16,2018-10-02 17:13,59.6460846,17.9343323
16,2018-10-02 17:14,59.64562501,17.9341178
16,2018-10-02 17:15,59.64492784,17.93327219
16,2018-10-02 17:16,59.6449123,17.9332798
16,2018-10-02 17:17,59.6449126,17.9332804
16,2018-10-02 17:18,59.6449131,17.933281
16,2018-10-02 17:19,59.6449128,17.9332824
16,2018-10-02 17:20,59.6449128,17.9332825
17,2018-10-02 17:10,59.2916853,18.0818179
17,2018-10-02 17:11,59.29239770863205,18.081501200795174
17,2018-10-02 17:12,59.2923678,18.0816487
17,2018-10-02 17:13,59.2924804,18.0813721
17,2018-10-02 17:14,59.2923719,18.0817415
17,2018-10-02 17:15,59.292525,18.0819942
17,2018-10-02 17:16,59.29403968155384,18.07930991984904
17,2018-10-02 17:17,59.29417546838522,18.079031305387616
17,2018-10-02 17:18,59.29247071500868,18.08451290242374
17,2018-10-02 17:19,59.29244225844741,18.0839451123029
17,2018-10-02 17:20,59.28899348247796,18.085265178233385
18,2018-10-02 17:10,59.2887334,18.0913885
18,2018-10-02 17:11,59.2884148,18.0919458
18,2018-10-02 17:12,59.2882529,18.0921433
18,2018-10-02 17:13,59.2882529,18.0921433
18,2018-10-02 17:14,59.2871613,18.0919743
18,2018-10-02 17:15,59.2871613,18.0919743
18,2018-10-02 17:16,59.28838047198951,18.091900208964944
18,2018-10-02 17:17,59.28836634848267,18.092142110690475
18,2018-10-02 17:18,59.28860104177147,18.092738650739197
18,2018-10-02 17:19,59.2881977,18.093233
18,2018-10-02 17:20,59.28694217931479,18.093975903466344
19,2018-10-02 17:10,59.65056836,17.93062607
19,2018-10-02 17:11,59.65056787,17.93062608
19,2018-10-02 17:12,59.65056736,17.93062726
19,2018-10-02 17:13,59.65056704,17.93062826
19,2018-10-02 17:14,59.6505667,17.93062855
19,2018-10-02 17:15,59.65056678,17.93062913
19,2018-10-02 17:16,59.65056645,17.93062868
19,2018-10-02 17:17,59.6501315,17.9299928
19,2018-10-02 17:18,59.65056596,17.93062935
19,2018-10-02 17:19,59.65056558,17.93062986
19,2018-10-02 17:20,59.65055937,17.93069001
20,2018-10-02 17:10,57.70899194314239,11.975093034854316
20,2018-10-02 17:11,57.709076391090086,11.975351373773828
20,2018-10-02 17:12,57.70903157601443,11.975233871615153
20,2018-10-02 17:13,57.70900140404326,11.975014012770382
20,2018-10-02 17:14,57.70900140404326,11.975014012770382
20,2018-10-02 17:15,57.70896492014424,11.97500219611902
20,2018-10-02 17:16,57.70895682767862,11.97500117499092
20,2018-10-02 17:17,57.70894249358536,11.97500401204385
20,2018-10-02 17:18,57.70894249358536,11.97500401204385
20,2018-10-02 17:19,57.70888964479873,11.975035375641614
20,2018-10-02 17:20,57.70885959344685,11.975121593634046
21,2018-10-02 17:10,59.46398409,18.09084538
21,2018-10-02 17:11,59.4639208,18.0904698
21,2018-10-02 17:12,59.46398399,18.09084583
21,2018-10-02 17:13,59.4639843,18.09084666
21,2018-10-02 17:14,59.46397985,18.0908326
21,2018-10-02 17:15,59.46397606,18.0908199
21,2018-10-02 17:16,59.46397437,18.09081537
21,2018-10-02 17:17,59.46396937,18.09080018
21,2018-10-02 17:18,59.46396624,18.09078295
21,2018-10-02 17:19,59.46396613,18.09076825
21,2018-10-02 17:20,59.4639206,18.0904683
22,2018-10-02 17:10,59.52053917,17.9641768
22,2018-10-02 17:11,59.52053879,17.96417821
22,2018-10-02 17:12,59.52053898,17.96417863
22,2018-10-02 17:13,59.52053955,17.96417753
22,2018-10-02 17:14,59.52053932,17.96417975
22,2018-10-02 17:15,59.52054022,17.96418027
22,2018-10-02 17:16,59.52054044,17.9641812
22,2018-10-02 17:17,59.52054054,17.96418257
22,2018-10-02 17:18,59.5205406,17.96418328
22,2018-10-02 17:19,59.52054072,17.96418337
22,2018-10-02 17:20,59.52054085,17.96418366
23,2018-10-02 17:10,59.4237889,17.8444605
23,2018-10-02 17:11,59.4237909,17.8444666
23,2018-10-02 17:12,59.4237883,17.8444741
23,2018-10-02 17:13,59.423785,17.844482
23,2018-10-02 17:14,59.4237825,17.8444834
23,2018-10-02 17:15,59.4237795,17.8444908
23,2018-10-02 17:16,59.4237778,17.8444971
23,2018-10-02 17:17,59.4237151,17.8444585
23,2018-10-02 17:18,59.4236919,17.8444535
23,2018-10-02 17:19,59.42377541,17.84450893
23,2018-10-02 17:20,59.4237751,17.8445109
24,2018-10-02 17:10,59.22896163844275,17.636075775704757
24,2018-10-02 17:11,59.22915819312273,17.635762871430643
24,2018-10-02 17:12,59.22457140457925,17.638273499318842
24,2018-10-02 17:13,59.22121220269217,17.636109311591802
24,2018-10-02 17:14,59.21544927295339,17.63310071598884
24,2018-10-02 17:15,59.212124377297215,17.62990239029418
24,2018-10-02 17:16,59.2145215982102,17.631927482186846
24,2018-10-02 17:17,59.21448491582734,17.63203621858591
24,2018-10-02 17:18,59.2141973,17.6323444
24,2018-10-02 17:19,59.2141691,17.6323816
24,2018-10-02 17:20,59.2141735,17.6323749
25,2018-10-02 17:10,59.45166495404409,18.02890443871619
25,2018-10-02 17:11,59.45166520033386,18.028899947984804
25,2018-10-02 17:12,59.45166294578532,18.02888871046306
25,2018-10-02 17:13,59.45166170330825,18.028889416088703
25,2018-10-02 17:14,59.45163322285259,18.028914907450684
25,2018-10-02 17:15,59.45163953076437,18.02895091520988
25,2018-10-02 17:16,59.45162780840931,18.029002138646305
25,2018-10-02 17:17,59.45163139499771,18.028929684361163
25,2018-10-02 17:18,59.45164408533056,18.028925178934017
25,2018-10-02 17:19,59.451692785400574,18.028995014161872
25,2018-10-02 17:20,59.45168071381774,18.02895088241133
26,2018-10-02 17:10,58.41585028523928,15.626209802884516
26,2018-10-02 17:11,58.4160866,15.6260585
26,2018-10-02 17:12,58.4158643,15.6261491
26,2018-10-02 17:13,58.4155996,15.6267951
26,2018-10-02 17:14,58.41563092042993,15.62667834869753
26,2018-10-02 17:15,58.41567516691926,15.626653618448715
26,2018-10-02 17:16,58.4157053571612,15.626660874138617
26,2018-10-02 17:17,58.4156375645646,15.626725976961596
26,2018-10-02 17:18,58.415644566199546,15.626723310349314
26,2018-10-02 17:19,58.4156377046242,15.626724912076646
26,2018-10-02 17:20,58.41565929983645,15.626715356193374
27,2018-10-02 17:10,59.486951,17.9179698
27,2018-10-02 17:11,59.4940002,17.9201907
27,2018-10-02 17:12,59.5009906,17.9221806
27,2018-10-02 17:13,59.5049418,17.9228116
27,2018-10-02 17:14,59.5048358,17.9220481
27,2018-10-02 17:15,59.5050809,17.9218761
27,2018-10-02 17:16,59.5048686,17.9216119
27,2018-10-02 17:17,59.5047704,17.9215435
27,2018-10-02 17:18,59.5047776,17.9213482
27,2018-10-02 17:19,59.5048685,17.92144
27,2018-10-02 17:20,59.5047997,17.9213421
28,2018-10-02 17:10,58.5963141,16.1824967
28,2018-10-02 17:11,58.5963138,16.1824953
28,2018-10-02 17:12,58.5963134,16.1824951
28,2018-10-02 17:13,58.5963138,16.1824942
28,2018-10-02 17:14,58.5963149,16.1824938
28,2018-10-02 17:15,58.5963159,16.1824923
28,2018-10-02 17:16,58.5963161,16.1824902
28,2018-10-02 17:17,58.5963159,16.1824879
28,2018-10-02 17:18,58.5963165,16.1824867
28,2018-10-02 17:19,58.5963045,16.1822687
28,2018-10-02 17:20,58.5962829,16.1822197
29,2018-10-02 17:10,59.3253071,18.0674109
29,2018-10-02 17:11,59.3253028,18.0673542
29,2018-10-02 17:12,59.3253009,18.0673825
29,2018-10-02 17:13,59.3253011,18.0673854
29,2018-10-02 17:14,59.3253013,18.0673886
29,2018-10-02 17:15,59.3253251,18.0673723
29,2018-10-02 17:16,59.3281795,18.073057
29,2018-10-02 17:17,59.3296267,18.0710511
29,2018-10-02 17:18,59.3314023,18.0722957
29,2018-10-02 17:19,59.3342101,18.0710907
29,2018-10-02 17:20,59.3344011,18.067901
30,2018-10-02 17:10,57.72882843,12.00655464
30,2018-10-02 17:11,57.72473233,12.00833658
30,2018-10-02 17:12,57.72225203,12.00553631
30,2018-10-02 17:13,57.7163341,11.9929662
30,2018-10-02 17:14,57.72574712,11.97940423
30,2018-10-02 17:15,57.72428701,11.96093753
30,2018-10-02 17:16,57.7173154,11.9489024
30,2018-10-02 17:17,57.7091722,11.9211748
30,2018-10-02 17:18,57.7088705,11.9054681
30,2018-10-02 17:19,57.70766473,11.8903406
30,2018-10-02 17:20,57.70995869,11.89360912
31,2018-10-02 17:10,59.3942434,17.8991118
31,2018-10-02 17:11,59.3942434,17.8991118
31,2018-10-02 17:12,59.3945005,17.8974505
31,2018-10-02 17:13,59.3942434,17.8991118
31,2018-10-02 17:14,59.3945005,17.8974514
31,2018-10-02 17:15,59.394501,17.8974512
31,2018-10-02 17:16,59.3945006,17.8974514
31,2018-10-02 17:17,59.3945038,17.8974312
31,2018-10-02 17:18,59.3945003,17.8974497
31,2018-10-02 17:19,59.3944929,17.8974441
31,2018-10-02 17:20,59.3945017,17.8974508
32,2018-10-02 17:10,59.620765644773385,17.82110218486531
32,2018-10-02 17:11,59.62081314819028,17.82101077057938
32,2018-10-02 17:12,59.62088056677422,17.82100494983309
32,2018-10-02 17:13,59.620837509345705,17.820953955287337
32,2018-10-02 17:14,59.62085188367085,17.8209684811003
32,2018-10-02 17:15,59.62085001409518,17.82096185680409
32,2018-10-02 17:16,59.620750416282704,17.821173107128924
32,2018-10-02 17:17,59.620838445757016,17.820911529987782
32,2018-10-02 17:18,59.62072804312104,17.821032708828838
32,2018-10-02 17:19,59.62081225557063,17.82107444348963
32,2018-10-02 17:20,59.62081246300575,17.821039271932683
33,2018-10-02 17:10,57.7259574,11.888927
33,2018-10-02 17:11,57.7259142,11.8890259
33,2018-10-02 17:12,57.7259631,11.8891906
33,2018-10-02 17:13,57.7259607,11.8889345
33,2018-10-02 17:14,57.7259521,11.888943
33,2018-10-02 17:15,57.7259726,11.8889019
33,2018-10-02 17:16,57.7259944,11.8889329
33,2018-10-02 17:17,57.7259798,11.8888743
33,2018-10-02 17:18,57.72598,11.8888746
33,2018-10-02 17:19,57.726450443056585,11.889263035063973
33,2018-10-02 17:20,57.7259704,11.8888837
34,2018-10-02 17:10,59.41394935,17.84628849
34,2018-10-02 17:11,59.41394925,17.84629362
34,2018-10-02 17:12,59.41394974,17.8462981
34,2018-10-02 17:13,59.41395148,17.84630064
34,2018-10-02 17:14,59.41395035,17.84630229
34,2018-10-02 17:15,59.41394944,17.84630503
34,2018-10-02 17:16,59.41394895,17.84630735
34,2018-10-02 17:17,59.41394746,17.84630781
34,2018-10-02 17:18,59.4139459,17.84630947
34,2018-10-02 17:19,59.41394524,17.84631139
34,2018-10-02 17:20,59.4139458,17.84631153
35,2018-10-02 17:10,59.65074608,17.93082187
35,2018-10-02 17:11,59.65084012,17.93095758
35,2018-10-02 17:12,59.65084085,17.93096287
35,2018-10-02 17:13,59.650841,17.93096495
35,2018-10-02 17:14,59.65084264,17.93097039
35,2018-10-02 17:15,59.65102354,17.93101638
35,2018-10-02 17:16,59.65100948,17.9310519
35,2018-10-02 17:17,59.65100506,17.93106315
35,2018-10-02 17:18,59.65100048,17.93107484
35,2018-10-02 17:19,59.65099806,17.93108251
35,2018-10-02 17:20,59.65099553,17.93109066
36,2018-10-02 17:10,59.3828143,17.9174202
36,2018-10-02 17:11,59.3828143,17.9174202
36,2018-10-02 17:12,59.3828236,17.9174178
36,2018-10-02 17:13,59.3828258,17.9174143
36,2018-10-02 17:14,59.3828296,17.9174072
36,2018-10-02 17:15,59.3828299,17.9174073
36,2018-10-02 17:16,59.3827726,17.9177537
36,2018-10-02 17:17,59.3828299,17.9174073
36,2018-10-02 17:18,59.3828299,17.9174073
36,2018-10-02 17:19,59.3828299,17.9174073
36,2018-10-02 17:20,59.3828312,17.9173811
37,2018-10-02 17:10,59.6168133,17.8352089
37,2018-10-02 17:11,59.6168134,17.8352098
37,2018-10-02 17:12,59.6168147,17.8352095
37,2018-10-02 17:13,59.6168138,17.8352094
37,2018-10-02 17:14,59.6168079,17.8352194
37,2018-10-02 17:15,59.6168078,17.8352193
37,2018-10-02 17:16,59.6168099,17.8352154
37,2018-10-02 17:17,59.616809,17.8352185
37,2018-10-02 17:18,59.6168133,17.8352087
37,2018-10-02 17:19,59.6168296,17.835212
37,2018-10-02 17:20,59.6168277,17.8352114
38,2018-10-02 17:10,59.650719892654585,17.930987680439895
38,2018-10-02 17:11,59.650719892654585,17.930987680439895
38,2018-10-02 17:12,59.650719892654585,17.930987680439895
38,2018-10-02 17:13,59.6507116,17.9309972
38,2018-10-02 17:14,59.6507005,17.9310046
38,2018-10-02 17:15,59.6507113,17.9310009
38,2018-10-02 17:16,59.6507113,17.9310009
38,2018-10-02 17:17,59.6507113,17.9310009
38,2018-10-02 17:18,59.6507432,17.9310447
38,2018-10-02 17:19,59.6507526,17.9310583
38,2018-10-02 17:20,59.6507526,17.9310583
39,2018-10-02 17:10,59.3995208,13.5782206
39,2018-10-02 17:11,59.3995205,13.5782204
39,2018-10-02 17:12,59.3995204,13.57822055
39,2018-10-02 17:13,59.3995204,13.5782207
39,2018-10-02 17:14,59.3995203,13.5782206
39,2018-10-02 17:15,59.3995253,13.5781921
39,2018-10-02 17:16,59.3995205,13.5782208
39,2018-10-02 17:17,59.3995207,13.5782206
39,2018-10-02 17:18,59.39952,13.5781858
39,2018-10-02 17:19,59.3995208,13.5782201
39,2018-10-02 17:20,59.3995248,13.5782172
40,2018-10-02 17:10,59.342959,18.0361997
40,2018-10-02 17:11,59.3400691,18.0388548
40,2018-10-02 17:12,59.3374978,18.0420459
40,2018-10-02 17:13,59.3356967,18.0514966
40,2018-10-02 17:14,59.3351862,18.0570413
40,2018-10-02 17:15,59.3360969,18.0615049
40,2018-10-02 17:16,59.3373914,18.0619478
40,2018-10-02 17:17,59.3395209,18.0600214
40,2018-10-02 17:18,59.3407396,18.065697
40,2018-10-02 17:19,59.3380558,18.0690131
40,2018-10-02 17:20,59.33733,18.0704628
41,2018-10-02 17:10,59.3309989,18.0664168
41,2018-10-02 17:11,59.33079466728613,18.06667454229721
41,2018-10-02 17:12,59.3307847823972,18.06657639318404
41,2018-10-02 17:13,59.33075733861507,18.066567535659537
41,2018-10-02 17:14,59.33074942794795,18.066570799812
41,2018-10-02 17:15,59.330720054517656,18.06654234361537
41,2018-10-02 17:16,59.33062973383494,18.066840280664778
41,2018-10-02 17:17,59.33063006642976,18.06684654900434
41,2018-10-02 17:18,59.33067440733677,18.06683195436229
41,2018-10-02 17:19,59.33072392721191,18.066798623863026
41,2018-10-02 17:20,59.33075768993648,18.06678689110586
42,2018-10-02 17:10,59.3123517,18.1543811
42,2018-10-02 17:11,59.3101984,18.1340944
42,2018-10-02 17:12,59.3035524,18.1125443
42,2018-10-02 17:13,59.301092,18.1052165
42,2018-10-02 17:14,59.3015592,18.1011872
42,2018-10-02 17:15,59.30155919769934,18.10118710835396
42,2018-10-02 17:16,59.3015592,18.1011871
42,2018-10-02 17:17,59.30162339056877,18.101253528930968
42,2018-10-02 17:18,59.3016234,18.1012535
42,2018-10-02 17:19,59.3016243,18.1013341
42,2018-10-02 17:20,59.3016413,18.1012932
43,2018-10-02 17:10,59.3625021,17.875277
43,2018-10-02 17:11,59.3624743,17.8753375
43,2018-10-02 17:12,59.3624889,17.8752438
43,2018-10-02 17:13,59.3624723,17.8753522
43,2018-10-02 17:14,59.3625312,17.8753271
43,2018-10-02 17:15,59.3624779,17.8751896
43,2018-10-02 17:16,59.3625406,17.8752821
43,2018-10-02 17:17,59.3624839,17.8752853
43,2018-10-02 17:18,59.362466,17.8752206
43,2018-10-02 17:19,59.3623824,17.8751098
43,2018-10-02 17:20,59.3624179,17.8750354
44,2018-10-02 17:10,59.34000434,18.03684618
44,2018-10-02 17:11,59.33671982,18.0342582
44,2018-10-02 17:12,59.33319813,18.0318684
44,2018-10-02 17:13,59.33104884,18.02805256
44,2018-10-02 17:14,59.33007982,18.02752152
44,2018-10-02 17:15,59.32994968,18.02973814
44,2018-10-02 17:16,59.33175804,18.03109424
44,2018-10-02 17:17,59.33213835,18.02959864
44,2018-10-02 17:18,59.33193986,18.02435534
44,2018-10-02 17:19,59.33197207,18.02816383
44,2018-10-02 17:20,59.33202132,18.02986682
45,2018-10-02 17:10,59.39692071,17.88545976
45,2018-10-02 17:11,59.39690466,17.88541853
45,2018-10-02 17:12,59.3970351,17.88538055
45,2018-10-02 17:13,59.3969306,17.8854125
45,2018-10-02 17:14,59.39692064,17.88538987
45,2018-10-02 17:15,59.39691721,17.88539733
45,2018-10-02 17:16,59.3968996,17.8854025
45,2018-10-02 17:17,59.3968994,17.8854035
45,2018-10-02 17:18,59.3968989,17.8854014
45,2018-10-02 17:19,59.3968989,17.8854024
45,2018-10-02 17:20,59.39691476,17.88538972
46,2018-10-02 17:10,63.19843889512382,14.498078570279889
46,2018-10-02 17:11,63.198423553473766,14.49808294838873
46,2018-10-02 17:12,63.198405226178586,14.498071546002382
46,2018-10-02 17:13,63.19840289942076,14.498045701754474
46,2018-10-02 17:14,63.19843241511573,14.498075413747545
46,2018-10-02 17:15,63.19842913500659,14.49807634615328
46,2018-10-02 17:16,63.19843680046971,14.498101175485974
46,2018-10-02 17:17,63.19841339596381,14.49808448855814
46,2018-10-02 17:18,63.19843576209794,14.49809202876775
46,2018-10-02 17:19,63.19842810737509,14.498063998560523
46,2018-10-02 17:20,63.198464846284814,14.498044238925113
47,2018-10-02 17:10,59.342731,18.050792
47,2018-10-02 17:11,59.3431257,18.050927
47,2018-10-02 17:12,59.3428273,18.0442856
47,2018-10-02 17:13,59.3426738,18.039068
47,2018-10-02 17:14,59.34331906,18.03761911
47,2018-10-02 17:15,59.3436182,18.0371377
47,2018-10-02 17:16,59.3436198,18.0371413
47,2018-10-02 17:17,59.3453641,18.0362173
47,2018-10-02 17:18,59.3451152,18.0401654
47,2018-10-02 17:19,59.34653197,18.04016241
47,2018-10-02 17:20,59.3505167,18.043502
48,2018-10-02 17:10,59.64459395030222,17.93414021923406
48,2018-10-02 17:11,59.64459395030222,17.93414021923406
48,2018-10-02 17:12,59.6453047,17.9328832
48,2018-10-02 17:13,59.6453047,17.9328832
48,2018-10-02 17:14,59.64459395030222,17.93414021923406
48,2018-10-02 17:15,59.64459395030222,17.93414021923406
48,2018-10-02 17:16,59.64459395030222,17.93414021923406
48,2018-10-02 17:17,59.64459395030222,17.93414021923406
48,2018-10-02 17:18,59.64459395030222,17.93414021923406
48,2018-10-02 17:19,59.64459395030222,17.93414021923406
48,2018-10-02 17:20,59.64459395030222,17.93414021923406
49,2018-10-02 17:10,59.39889589023461,17.937792204967607
49,2018-10-02 17:11,59.39889589023461,17.937792204967607
49,2018-10-02 17:12,59.398831015493386,17.937755162813353
49,2018-10-02 17:13,59.39835941774462,17.93778697762304
49,2018-10-02 17:14,59.395839643139865,17.941765254056257
49,2018-10-02 17:15,59.3981913,17.9419675
49,2018-10-02 17:16,59.398246657243725,17.94194625488096
49,2018-10-02 17:17,59.3981222861916,17.941994974801826
49,2018-10-02 17:18,59.397943270986026,17.94169732841941
49,2018-10-02 17:19,59.39758990373348,17.94131920284977
49,2018-10-02 17:20,59.39778209239919,17.94135273038276
50,2018-10-02 17:10,59.4083896,17.9291932
50,2018-10-02 17:11,59.4085496,17.9292726
50,2018-10-02 17:12,59.408532850848594,17.929885675561994
50,2018-10-02 17:13,59.40857113478707,17.929729049938302
50,2018-10-02 17:14,59.40878595977556,17.929811695015097
50,2018-10-02 17:15,59.408720248572514,17.929808708190173
50,2018-10-02 17:16,59.40866001461863,17.929724503976804
50,2018-10-02 17:17,59.40861476520819,17.929661675779226
50,2018-10-02 17:18,59.40861237900364,17.929657199514306
50,2018-10-02 17:19,59.40860667720459,17.929656188763055
50,2018-10-02 17:20,59.40861467666502,17.92966261242405
51,2018-10-02 17:10,59.33145794812923,18.069767569898637
51,2018-10-02 17:11,59.3302699,18.0699303
51,2018-10-02 17:12,59.3296439,18.0716521
51,2018-10-02 17:13,59.3303692,18.0756029
51,2018-10-02 17:14,59.3322928,18.0765141
51,2018-10-02 17:15,59.3327779,18.0772834
51,2018-10-02 17:16,59.3359558,18.0798363
51,2018-10-02 17:17,59.3383984,18.080889
51,2018-10-02 17:18,59.3391199,18.0773599
51,2018-10-02 17:19,59.3391269,18.077299
51,2018-10-02 17:20,59.3391174,18.0772033
52,2018-10-02 17:10,59.23532989500645,17.843550647175334
52,2018-10-02 17:11,59.23530843545523,17.84359560639974
52,2018-10-02 17:12,59.23529422940022,17.843567395423225
52,2018-10-02 17:13,59.235288346109805,17.843563451644407
52,2018-10-02 17:14,59.23527160504352,17.84356876807301
52,2018-10-02 17:15,59.23525408418238,17.843564528047107
52,2018-10-02 17:16,59.23524902216887,17.843565874817475
52,2018-10-02 17:17,59.23523923879432,17.843559963030195
52,2018-10-02 17:18,59.23525103191727,17.84356143307973
52,2018-10-02 17:19,59.23526392969075,17.843563526382002
52,2018-10-02 17:20,59.235244227468485,17.843554252116352
53,2018-10-02 17:10,59.48852015129567,17.745538450299286
53,2018-10-02 17:11,59.48853108522231,17.74556309388074
53,2018-10-02 17:12,59.48852402113232,17.745589067041195
53,2018-10-02 17:13,59.4885254846132,17.745627587866217
53,2018-10-02 17:14,59.48855873487808,17.745605438218814
53,2018-10-02 17:15,59.488582231663294,17.745566529084922
53,2018-10-02 17:16,59.488573122293495,17.745573531765533
53,2018-10-02 17:17,59.48856246672427,17.745577233235835
53,2018-10-02 17:18,59.48855538803842,17.745584261122197
53,2018-10-02 17:19,59.48854732808945,17.745574083145666
53,2018-10-02 17:20,59.488549602852736,17.745559837333193
54,2018-10-02 17:10,59.3557373,17.9065192
54,2018-10-02 17:11,59.3556939,17.906539
54,2018-10-02 17:12,59.3556776,17.9065742
54,2018-10-02 17:13,59.3556934,17.9065241
54,2018-10-02 17:14,59.355679,17.9065297
54,2018-10-02 17:15,59.3556257,17.90655
54,2018-10-02 17:16,59.3556814,17.9065186
54,2018-10-02 17:17,59.3556725,17.9065296
54,2018-10-02 17:18,59.3556924,17.9065262
54,2018-10-02 17:19,59.3556943,17.9065233
54,2018-10-02 17:20,59.3555663,17.9066814
55,2018-10-02 17:10,57.77197789,12.0209106
55,2018-10-02 17:11,57.77197806,12.02091027
55,2018-10-02 17:12,57.77197847,12.02090938
55,2018-10-02 17:13,57.77197844,12.02090908
55,2018-10-02 17:14,57.77197824,12.02090912
55,2018-10-02 17:15,57.7719784,12.02090889
55,2018-10-02 17:16,57.77197902,12.0209066
55,2018-10-02 17:17,57.77197906,12.02090609
55,2018-10-02 17:18,57.77197892,12.02090565
55,2018-10-02 17:19,57.771979,12.02090558
55,2018-10-02 17:20,57.77206915,12.02075582
56,2018-10-02 17:10,58.5795423,16.1979272
56,2018-10-02 17:11,58.5795453,16.1979099
56,2018-10-02 17:12,58.5795439,16.1979129
56,2018-10-02 17:13,58.5795432,16.1979172
56,2018-10-02 17:14,58.5795426,16.1979211
56,2018-10-02 17:15,58.5795426,16.1979212
56,2018-10-02 17:16,58.5795432,16.1979172
56,2018-10-02 17:17,58.5795392,16.1979347
56,2018-10-02 17:18,58.579537,16.1979345
56,2018-10-02 17:19,58.5795422,16.1979512
56,2018-10-02 17:20,58.5795349,16.19793
57,2018-10-02 17:10,59.33814003,18.09090384
57,2018-10-02 17:11,59.3388892,18.08469028
57,2018-10-02 17:12,59.33993558,18.07950235
57,2018-10-02 17:13,59.34053211,18.0767576
57,2018-10-02 17:14,59.34172643,18.07105621
57,2018-10-02 17:15,59.3430694,18.067782
57,2018-10-02 17:16,59.34611408,18.06222824
57,2018-10-02 17:17,59.34950403,18.05896898
57,2018-10-02 17:18,59.35110859,18.05702379
57,2018-10-02 17:19,59.35042174,18.05122817
57,2018-10-02 17:20,59.35022062,18.04603508
58,2018-10-02 17:10,59.312283708336125,18.11150771149729
58,2018-10-02 17:11,59.30945947527199,18.10544216580645
58,2018-10-02 17:12,59.305213629830526,18.113537143731627
58,2018-10-02 17:13,59.30178249319393,18.10929546760476
58,2018-10-02 17:14,59.2972255,18.0814489
58,2018-10-02 17:15,59.2915252,18.090075
58,2018-10-02 17:16,59.28072576521391,18.091360623509427
58,2018-10-02 17:17,59.27107972802201,18.09242431173666
58,2018-10-02 17:18,59.26624456773047,18.092210274327435
58,2018-10-02 17:19,59.263158390634366,18.089971811016387
58,2018-10-02 17:20,59.26497192600237,18.087036427089743
59,2018-10-02 17:10,55.5757567,13.015155
59,2018-10-02 17:11,55.5760075,13.0149746
59,2018-10-02 17:12,55.5787167,13.01952
59,2018-10-02 17:13,55.5794659,13.0201148
59,2018-10-02 17:14,55.5837743,13.0190692
59,2018-10-02 17:15,55.5874783,13.019505
59,2018-10-02 17:16,55.589865,13.0160467
59,2018-10-02 17:17,55.590546,13.012828
59,2018-10-02 17:18,55.5916142,13.0099872
59,2018-10-02 17:19,55.5920183,13.008785
59,2018-10-02 17:20,55.5920183,13.008785
60,2018-10-02 17:10,59.30503519,18.07881701
60,2018-10-02 17:11,59.3065288,18.0761829
60,2018-10-02 17:12,59.3073899,18.0747903
60,2018-10-02 17:13,59.3076006,18.0746268
60,2018-10-02 17:14,59.3081033,18.06640163
60,2018-10-02 17:15,59.30970654,18.0612517
60,2018-10-02 17:16,59.31385029,18.05254791
60,2018-10-02 17:17,59.31639849,18.05125606
60,2018-10-02 17:18,59.31712686,18.05111768
60,2018-10-02 17:19,59.31747969,18.05118379
60,2018-10-02 17:20,59.31723089,18.05551139
61,2018-10-02 17:10,59.4064285,17.9274329
61,2018-10-02 17:11,59.4064301,17.9274327
61,2018-10-02 17:12,59.4064281,17.9274535
61,2018-10-02 17:13,59.406398,17.9275114
61,2018-10-02 17:14,59.4064263,17.9274621
61,2018-10-02 17:15,59.4064093,17.9274737
61,2018-10-02 17:16,59.4064198,17.9274658
61,2018-10-02 17:17,59.4064054,17.9275131
61,2018-10-02 17:18,59.4063952,17.9275306
61,2018-10-02 17:19,59.4064064,17.9274997
61,2018-10-02 17:20,59.4064042,17.9275123
62,2018-10-02 17:10,57.77305536564473,12.021681486431188
62,2018-10-02 17:11,57.77309898009614,12.02168568121381
62,2018-10-02 17:12,57.7731428436196,12.021639199266192
62,2018-10-02 17:13,57.77309812720869,12.02157956734736
62,2018-10-02 17:14,57.773131400553865,12.021357601418194
62,2018-10-02 17:15,57.7732189834874,12.021755765416506
62,2018-10-02 17:16,57.7725878,12.0217051
62,2018-10-02 17:17,57.77311669560536,12.021440870853713
62,2018-10-02 17:18,57.7732000161728,12.021508252049257
62,2018-10-02 17:19,57.7725878,12.0217051
62,2018-10-02 17:20,57.7725878,12.0217051
63,2018-10-02 17:10,59.64527772,17.93507745
63,2018-10-02 17:11,59.6452401,17.9344985
63,2018-10-02 17:12,59.6452884,17.9346655
63,2018-10-02 17:13,59.6452884,17.9346655
63,2018-10-02 17:14,59.64533821,17.93494134
63,2018-10-02 17:15,59.6453391,17.93493783
63,2018-10-02 17:16,59.6452884,17.9346655
63,2018-10-02 17:17,59.6452884,17.9346655
63,2018-10-02 17:18,59.6452056,17.9345656
63,2018-10-02 17:19,59.64533238,17.93496134
63,2018-10-02 17:20,59.64533577,17.93495606
64,2018-10-02 17:10,59.2435343,17.83560005
64,2018-10-02 17:11,59.2435165,17.8356308
64,2018-10-02 17:12,59.24351645,17.8356295
64,2018-10-02 17:13,59.24351759,17.83562577
64,2018-10-02 17:14,59.24352233,17.83562134
64,2018-10-02 17:15,59.24352249,17.8356184
64,2018-10-02 17:16,59.24352373,17.83561424
64,2018-10-02 17:17,59.24352438,17.83561165
64,2018-10-02 17:18,59.24355168,17.83554234
64,2018-10-02 17:19,59.24355219,17.83554097
64,2018-10-02 17:20,59.24355233,17.83554087
65,2018-10-02 17:10,59.34598032973853,18.062361474920632
65,2018-10-02 17:11,59.35084478069357,18.057749692439383
65,2018-10-02 17:12,59.35162148001324,18.056031954154637
65,2018-10-02 17:13,59.3502661,18.0503875
65,2018-10-02 17:14,59.3502659,18.0503787
65,2018-10-02 17:15,59.3502254,18.0471139
65,2018-10-02 17:16,59.3555085,18.0349563
65,2018-10-02 17:17,59.3658021600835,18.021488522259556
65,2018-10-02 17:18,59.3780097,18.013245
65,2018-10-02 17:19,59.390128055684144,17.996861493562445
65,2018-10-02 17:20,59.39974618227677,17.976422573870725
66,2018-10-02 17:10,59.42801626,17.83626637
66,2018-10-02 17:11,59.42801673,17.836266
66,2018-10-02 17:12,59.42801739,17.83626594
66,2018-10-02 17:13,59.42801785,17.83626584
66,2018-10-02 17:14,59.42801846,17.83626568
66,2018-10-02 17:15,59.42801893,17.8362659
66,2018-10-02 17:16,59.4289226,17.8300157
66,2018-10-02 17:17,59.42801953,17.83626527
66,2018-10-02 17:18,59.42801974,17.83626494
66,2018-10-02 17:19,59.42801982,17.83626444
66,2018-10-02 17:20,59.42802006,17.83626433
67,2018-10-02 17:10,59.6504558877842,17.930736327206542
67,2018-10-02 17:11,59.65047061875968,17.930727158369677
67,2018-10-02 17:12,59.6498813,17.9309394
67,2018-10-02 17:13,59.65048610909511,17.93088578186176
67,2018-10-02 17:14,59.650560327592814,17.930842556663094
67,2018-10-02 17:15,59.65054831219382,17.930824640779324
67,2018-10-02 17:16,59.650645246941856,17.930869328571028
67,2018-10-02 17:17,59.65067485927963,17.93080705663226
67,2018-10-02 17:18,59.65064914882226,17.930861224494
67,2018-10-02 17:19,59.65063740339406,17.930816913529597
67,2018-10-02 17:20,59.65064611914188,17.930792859573994
68,2018-10-02 17:10,59.3294987,18.0614324
68,2018-10-02 17:11,59.3286886,18.0617819
68,2018-10-02 17:12,59.3297139,18.0598676
68,2018-10-02 17:13,59.3303837,18.0595899
68,2018-10-02 17:14,59.33038897812367,18.059315225109454
68,2018-10-02 17:15,59.3291841,18.0598855
68,2018-10-02 17:16,59.3208207,18.0667783
68,2018-10-02 17:17,59.3154356,18.0711815
68,2018-10-02 17:18,59.2994891,18.0813047
68,2018-10-02 17:19,59.2988808,18.0776035
68,2018-10-02 17:20,59.2932324,18.044398
69,2018-10-02 17:10,59.3601355,17.834966
69,2018-10-02 17:11,59.3601446,17.8349527
69,2018-10-02 17:12,59.3601344,17.8349664
69,2018-10-02 17:13,59.3601355,17.8349673
69,2018-10-02 17:14,59.3601459,17.8349533
69,2018-10-02 17:15,59.3601351,17.8349681
69,2018-10-02 17:16,59.3601463,17.8349542
69,2018-10-02 17:17,59.3601456,17.8349529
69,2018-10-02 17:18,59.3601339,17.8349661
69,2018-10-02 17:19,59.3601446,17.8349513
69,2018-10-02 17:20,59.3601339,17.8349649
70,2018-10-02 17:10,57.6505121,11.9116235
70,2018-10-02 17:11,57.65125961695535,11.909651206151322
70,2018-10-02 17:12,57.65158164440121,11.90764396459502
70,2018-10-02 17:13,57.651830507940105,11.903060676992274
70,2018-10-02 17:14,57.64881540715107,11.892721759812424
70,2018-10-02 17:15,57.64423718661918,11.895525147902449
70,2018-10-02 17:16,57.646398530586566,11.895645517292198
70,2018-10-02 17:17,57.64640050377091,11.895625943944289
70,2018-10-02 17:18,57.6466357,11.895596
70,2018-10-02 17:19,57.6465261,11.8955788
70,2018-10-02 17:20,57.64654182140019,11.89541926933283
71,2018-10-02 17:10,59.35592478,17.94716009
71,2018-10-02 17:11,59.35592623,17.94712087
71,2018-10-02 17:12,59.35592614,17.94712203
71,2018-10-02 17:13,59.3559265,17.94712113
71,2018-10-02 17:14,59.35592691,17.94712044
71,2018-10-02 17:15,59.35591392,17.94712279
71,2018-10-02 17:16,59.35592966,17.94713354
71,2018-10-02 17:17,59.35592744,17.94713209
71,2018-10-02 17:18,59.35593223,17.94710833
71,2018-10-02 17:19,59.3563662,17.9479213
71,2018-10-02 17:20,59.35593307,17.94707973
72,2018-10-02 17:10,59.19067479,17.59141713
72,2018-10-02 17:11,59.1906322,17.5913623
72,2018-10-02 17:12,59.19067472,17.59141786
72,2018-10-02 17:13,59.19067472,17.59141767
72,2018-10-02 17:14,59.19067459,17.59141837
72,2018-10-02 17:15,59.19067435,17.59141872
72,2018-10-02 17:16,59.1906085,17.5913557
72,2018-10-02 17:17,59.19067488,17.59143443
72,2018-10-02 17:18,59.190675,17.59143382
72,2018-10-02 17:19,59.19067474,17.59143364
72,2018-10-02 17:20,59.1906747,17.59143304
73,2018-10-02 17:10,58.4156504,15.6266414
73,2018-10-02 17:11,58.41565079,15.62664011
73,2018-10-02 17:12,58.41565075,15.62664002
73,2018-10-02 17:13,58.41565082,15.6266395
73,2018-10-02 17:14,58.41565073,15.62663939
73,2018-10-02 17:15,58.4156512,15.62663889
73,2018-10-02 17:16,58.415651657069816,15.626638605748834
73,2018-10-02 17:17,58.41565193,15.62663819
73,2018-10-02 17:18,58.41565161,15.62663826
73,2018-10-02 17:19,58.41565144,15.62663789
73,2018-10-02 17:20,58.41565137,15.62663806
74,2018-10-02 17:10,59.2655313,18.007456
74,2018-10-02 17:11,59.265539,18.0074205
74,2018-10-02 17:12,59.2655379,18.0074292
74,2018-10-02 17:13,59.2655208,18.0074356
74,2018-10-02 17:14,59.2655362,18.0074393
74,2018-10-02 17:15,59.2655037,18.0075079
74,2018-10-02 17:16,59.2655035,18.0075058
74,2018-10-02 17:17,59.2655128,18.0074892
74,2018-10-02 17:18,59.2655074,18.0074887
74,2018-10-02 17:19,59.2655246,18.0074306
74,2018-10-02 17:20,59.2655241,18.0074659
75,2018-10-02 17:10,59.9142793,17.7435786
75,2018-10-02 17:11,59.9143935,17.7433834
75,2018-10-02 17:12,59.9144318,17.743293
75,2018-10-02 17:13,59.914051,17.7435906
75,2018-10-02 17:14,59.9141362,17.7434262
75,2018-10-02 17:15,59.914079,17.7434886
75,2018-10-02 17:16,59.914168,17.7436222
75,2018-10-02 17:17,59.914168,17.7435923
75,2018-10-02 17:18,59.9140617,17.7437714
75,2018-10-02 17:19,59.9138801,17.7436166
75,2018-10-02 17:20,59.9141452,17.743355
76,2018-10-02 17:10,58.5962633,16.1823117
76,2018-10-02 17:11,58.5962633,16.1823117
76,2018-10-02 17:12,58.5962633,16.1823117
76,2018-10-02 17:13,58.5962633,16.1823117
76,2018-10-02 17:14,58.5962233,16.1823142
76,2018-10-02 17:15,58.59623,16.182245
76,2018-10-02 17:16,58.5962367,16.1822717
76,2018-10-02 17:17,58.5962103,16.1822831
76,2018-10-02 17:18,58.59621,16.1822833
76,2018-10-02 17:19,58.5956883,16.1803133
76,2018-10-02 17:20,58.5951967,16.1767833
77,2018-10-02 17:10,59.3043131,17.9601248
77,2018-10-02 17:11,59.3041979,17.9652572
77,2018-10-02 17:12,59.3045217,17.9715489
77,2018-10-02 17:13,59.3041668,17.9771283
77,2018-10-02 17:14,59.304828,17.9869963
77,2018-10-02 17:15,59.3053576,17.995848
77,2018-10-02 17:16,59.3055937,18.0035069
77,2018-10-02 17:17,59.3059232,18.0113284
77,2018-10-02 17:18,59.3072281,18.0236155
77,2018-10-02 17:19,59.3137426,18.0329043
77,2018-10-02 17:20,59.3141926,18.0336815
78,2018-10-02 17:10,59.43034322,17.83167276
78,2018-10-02 17:11,59.43017445,17.8314988
78,2018-10-02 17:12,59.43017463,17.83151498
78,2018-10-02 17:13,59.43017413,17.83151986
78,2018-10-02 17:14,59.43017526,17.83152337
78,2018-10-02 17:15,59.43007299,17.83160341
78,2018-10-02 17:16,59.43017343,17.83167706
78,2018-10-02 17:17,59.43017399,17.83168031
78,2018-10-02 17:18,59.43017239,17.83167942
78,2018-10-02 17:19,59.43017146,17.83167836
78,2018-10-02 17:20,59.43016575,17.8316743
79,2018-10-02 17:10,59.39283099108464,17.903363497048147
79,2018-10-02 17:11,59.3928328,17.9033584
79,2018-10-02 17:12,59.3928338,17.9033536
79,2018-10-02 17:13,59.3928337,17.9033545
79,2018-10-02 17:14,59.3928352,17.9032841
79,2018-10-02 17:15,59.3928794,17.9033517
79,2018-10-02 17:16,59.3928352,17.903272
79,2018-10-02 17:17,59.3928411,17.9030748
79,2018-10-02 17:18,59.3928057,17.9028953
79,2018-10-02 17:19,59.3927403,17.9028782
79,2018-10-02 17:20,59.3927345,17.9028399
80,2018-10-02 17:10,58.41569673735648,15.626588696613908
80,2018-10-02 17:11,58.415666772052646,15.6266254093498
80,2018-10-02 17:12,58.41568412259221,15.62663278542459
80,2018-10-02 17:13,58.41568060219288,15.626640915870668
80,2018-10-02 17:14,58.41568638570607,15.626585008576512
80,2018-10-02 17:15,58.4155636,15.6262487
80,2018-10-02 17:16,58.41566551476717,15.626604035496712
80,2018-10-02 17:17,58.415673561394215,15.626539662480354
80,2018-10-02 17:18,58.41569535434246,15.626621805131435
80,2018-10-02 17:19,58.41568613424897,15.626575704663992
80,2018-10-02 17:20,58.415554,15.6262681
81,2018-10-02 17:10,59.3303080686007,18.009918108014517
81,2018-10-02 17:11,59.34350475305872,18.009594961213566
81,2018-10-02 17:12,59.34527165432,18.028415867982567
81,2018-10-02 17:13,59.35606623752811,18.033681972477087
81,2018-10-02 17:14,59.36847714779659,18.020352102540656
81,2018-10-02 17:15,59.383165940521565,18.00729669838128
81,2018-10-02 17:16,59.39472669411034,17.985507254256127
81,2018-10-02 17:17,59.405626993902445,17.964956676243453
81,2018-10-02 17:18,59.41481639110924,17.940626681036274
81,2018-10-02 17:19,59.426944735748975,17.9220902369534
81,2018-10-02 17:20,59.44083451259713,17.923658786881017
82,2018-10-02 17:10,59.3306266,18.0570332
82,2018-10-02 17:11,59.3306273,18.0570343
82,2018-10-02 17:12,59.3309638,18.0572465
82,2018-10-02 17:13,59.33032705,18.0548343
82,2018-10-02 17:14,59.32999992,18.05343806
82,2018-10-02 17:15,59.33125599,18.04709004
82,2018-10-02 17:16,59.32991327,18.04362753
82,2018-10-02 17:17,59.32715832,18.04185837
82,2018-10-02 17:18,59.32761716,18.03617904
82,2018-10-02 17:19,59.3291175,18.0272163
82,2018-10-02 17:20,59.33163479,18.02029795
83,2018-10-02 17:10,59.36096200618984,17.995207987907307
83,2018-10-02 17:11,59.358442519926776,17.996582482493668
83,2018-10-02 17:12,59.35527336125261,17.997223312152983
83,2018-10-02 17:13,59.35364102205298,18.00230595618917
83,2018-10-02 17:14,59.3510882223319,18.004725918559064
83,2018-10-02 17:15,59.34836916173445,18.00668971201235
83,2018-10-02 17:16,59.34505708721915,18.016601531746947
83,2018-10-02 17:17,59.34246838086045,18.02414636915972
83,2018-10-02 17:18,59.34052435761595,18.02628184360908
83,2018-10-02 17:19,59.34689089734677,18.03127266055764
83,2018-10-02 17:20,59.34784078234732,18.03029396527872
84,2018-10-02 17:10,59.259127,18.0955516
84,2018-10-02 17:11,59.2581241,18.099947
84,2018-10-02 17:12,59.260385,18.0945593
84,2018-10-02 17:13,59.2580118,18.0988188
84,2018-10-02 17:14,59.2581241,18.099947
84,2018-10-02 17:15,59.2581241,18.099947
84,2018-10-02 17:16,59.2581241,18.099947
84,2018-10-02 17:17,59.2581241,18.099947
84,2018-10-02 17:18,59.257954,18.0985517
84,2018-10-02 17:19,59.2578948,18.0985108
84,2018-10-02 17:20,59.2580045,18.0987377
85,2018-10-02 17:10,59.2178039,17.9465792
85,2018-10-02 17:11,59.2173263,17.9455314
85,2018-10-02 17:12,59.2170298,17.9457227
85,2018-10-02 17:13,59.2184684,17.9510634
85,2018-10-02 17:14,59.2205434,17.9478772
85,2018-10-02 17:15,59.2274522,17.9595028
85,2018-10-02 17:16,59.2340307,17.9735856
85,2018-10-02 17:17,59.2412239,17.9839485
85,2018-10-02 17:18,59.2434818,17.9936411
85,2018-10-02 17:19,59.2467147,18.0029867
85,2018-10-02 17:20,59.2510558,18.0097637
86,2018-10-02 17:10,58.39352932758629,15.633422546088696
86,2018-10-02 17:11,58.39371553156525,15.633610552176831
86,2018-10-02 17:12,58.39355124626309,15.633476609364152
86,2018-10-02 17:13,58.39351302478463,15.6335605122149
86,2018-10-02 17:14,58.39362324681133,15.633636116981506
86,2018-10-02 17:15,58.39358204975724,15.633639805018902
86,2018-10-02 17:16,58.39355061762035,15.63349463045597
86,2018-10-02 17:17,58.39350812137127,15.633492786437271
86,2018-10-02 17:18,58.393533769994974,15.633425563573836
86,2018-10-02 17:19,58.39356696233153,15.633458755910397
86,2018-10-02 17:20,58.393439766950905,15.633516255766152
87,2018-10-02 17:10,57.72546375,11.88919868
87,2018-10-02 17:11,57.72546397,11.88919765
87,2018-10-02 17:12,57.72547834,11.88922283
87,2018-10-02 17:13,57.72550195,11.88921648
87,2018-10-02 17:14,57.72550073,11.88922133
87,2018-10-02 17:15,57.72549534,11.88922512
87,2018-10-02 17:16,57.7255169,11.8893974
87,2018-10-02 17:17,57.72549272,11.88922469
87,2018-10-02 17:18,57.72549973,11.88918939
87,2018-10-02 17:19,57.72548577,11.88907872
87,2018-10-02 17:20,57.72546658,11.88910412
88,2018-10-02 17:10,59.3410172,18.0582579
88,2018-10-02 17:11,59.3396063,18.0594936
88,2018-10-02 17:12,59.340457,18.0632366
88,2018-10-02 17:13,59.3408424,18.0606296
88,2018-10-02 17:14,59.340819,18.0605526
88,2018-10-02 17:15,59.340819,18.0605526
88,2018-10-02 17:16,59.340819,18.0605526
88,2018-10-02 17:17,59.3408264,18.0605458
88,2018-10-02 17:18,59.3408191,18.0605374
88,2018-10-02 17:19,59.3408312,18.0606171
88,2018-10-02 17:20,59.3408271,18.0605498
89,2018-10-02 17:10,57.73113876,11.88815782
89,2018-10-02 17:11,57.73113906,11.8881567
89,2018-10-02 17:12,57.7311395,11.88815599
89,2018-10-02 17:13,57.73113973,11.88815621
89,2018-10-02 17:14,57.73113952,11.88815626
89,2018-10-02 17:15,57.731133,11.8882865
89,2018-10-02 17:16,57.73113975,11.8881556
89,2018-10-02 17:17,57.73113966,11.88815471
89,2018-10-02 17:18,57.73113962,11.88815333
89,2018-10-02 17:19,57.7311288,11.8882733
89,2018-10-02 17:20,57.73113961,11.88815145
90,2018-10-02 17:10,59.4218632,17.8530675
90,2018-10-02 17:11,59.4214036,17.8445187
90,2018-10-02 17:12,59.41935022646729,17.839382680037865
90,2018-10-02 17:13,59.41784576874225,17.839691946409697
90,2018-10-02 17:14,59.418186,17.8375744
90,2018-10-02 17:15,59.4175866,17.8400568
90,2018-10-02 17:16,59.4173795,17.8401497
90,2018-10-02 17:17,59.41730976153208,17.839282876074012
90,2018-10-02 17:18,59.4174192,17.8402047
90,2018-10-02 17:19,59.4174193,17.8402051
90,2018-10-02 17:20,59.4174191,17.8402048
91,2018-10-02 17:10,59.27677532,18.01759232
91,2018-10-02 17:11,59.27707402,18.0158637
91,2018-10-02 17:12,59.27723036,18.01535695
91,2018-10-02 17:13,59.2769063,18.0174616
91,2018-10-02 17:14,59.27967406,18.02103188
91,2018-10-02 17:15,59.27798403,18.0236276
91,2018-10-02 17:16,59.2784393,18.0334266
91,2018-10-02 17:17,59.2772724,18.0389862
91,2018-10-02 17:18,59.2692271,18.048438
91,2018-10-02 17:19,59.263115,18.0599627
91,2018-10-02 17:20,59.25978221,18.07148713
92,2018-10-02 17:10,59.4201547,17.9420695
92,2018-10-02 17:11,59.4201547,17.9420695
92,2018-10-02 17:12,59.428658,17.9477129
92,2018-10-02 17:13,59.4260517,17.9502918
92,2018-10-02 17:14,59.428658,17.9477129
92,2018-10-02 17:15,59.428658,17.9477129
92,2018-10-02 17:16,59.428658,17.9477129
92,2018-10-02 17:17,59.428658,17.9477129
92,2018-10-02 17:18,59.428658,17.9477129
92,2018-10-02 17:19,59.428658,17.9477129
92,2018-10-02 17:20,59.428658,17.9477129
93,2018-10-02 17:10,59.6457883,17.9340621
93,2018-10-02 17:11,59.6457883,17.9340621
93,2018-10-02 17:12,59.6457883,17.9340621
93,2018-10-02 17:13,59.6457883,17.9340621
93,2018-10-02 17:14,59.6457883,17.9340621
93,2018-10-02 17:15,59.645788301713765,17.934062099084258
93,2018-10-02 17:16,59.6457883,17.9340621
93,2018-10-02 17:17,59.6457883,17.9340621
93,2018-10-02 17:18,59.6457883,17.9340621
93,2018-10-02 17:19,59.6457883,17.9340621
93,2018-10-02 17:20,59.6461403,17.9339333
94,2018-10-02 17:10,59.37440664683928,18.01388430742463
94,2018-10-02 17:11,59.37440171545358,18.0138880864401
94,2018-10-02 17:12,59.37440171545358,18.0138880864401
94,2018-10-02 17:13,59.37441734176777,18.01386193894181
94,2018-10-02 17:14,59.3745606,18.0139265
94,2018-10-02 17:15,59.37464198963938,18.01381840243724
94,2018-10-02 17:16,59.37462390421496,18.013844570410477
94,2018-10-02 17:17,59.374602529879056,18.013846555946202
94,2018-10-02 17:18,59.3745336098691,18.013944007843083
94,2018-10-02 17:19,59.37452408375954,18.013972612186873
94,2018-10-02 17:20,59.37452408375954,18.013972612186873
95,2018-10-02 17:10,59.29301289,18.0015693
95,2018-10-02 17:11,59.29312125,18.00145504
95,2018-10-02 17:12,59.29315206,18.00145136
95,2018-10-02 17:13,59.29317007,18.00149285
95,2018-10-02 17:14,59.29322166,18.00108988
95,2018-10-02 17:15,59.29493843,18.00386127
95,2018-10-02 17:16,59.30037053,18.01508829
95,2018-10-02 17:17,59.30263577,18.01867086
95,2018-10-02 17:18,59.3093566,18.0276625
95,2018-10-02 17:19,59.3151186,18.0344614
95,2018-10-02 17:20,59.31689023,18.03330504
96,2018-10-02 17:10,59.28601078043151,18.03309692802921
96,2018-10-02 17:11,59.28594394237924,18.033225313217084
96,2018-10-02 17:12,59.28587062713769,18.033497265543776
96,2018-10-02 17:13,59.28580556508124,18.033710457179648
96,2018-10-02 17:14,59.28579768366427,18.033796129036723
96,2018-10-02 17:15,59.28578878295043,18.033828518321407
96,2018-10-02 17:16,59.28580263113778,18.033630674229137
96,2018-10-02 17:17,59.285850151713966,18.03257522498302
96,2018-10-02 17:18,59.28616065077351,18.03332757433753
96,2018-10-02 17:19,59.286110008082126,18.033320913592288
96,2018-10-02 17:20,59.28597272230019,18.0336695141373
97,2018-10-02 17:10,59.2899254,18.0856687
97,2018-10-02 17:11,59.27714502778619,18.09247000759244
97,2018-10-02 17:12,59.265977859453855,18.097495531812363
97,2018-10-02 17:13,59.25353612404081,18.099692307225126
97,2018-10-02 17:14,59.24340168660064,18.11014067438458
97,2018-10-02 17:15,59.23363328371669,18.123147759098348
97,2018-10-02 17:16,59.22694405463235,18.13198963023362
97,2018-10-02 17:17,59.2279097,18.1343626
97,2018-10-02 17:18,59.23010118033682,18.13447563154103
97,2018-10-02 17:19,59.22816545092738,18.133230404058956
97,2018-10-02 17:20,59.2263349377352,18.13298993457737
98,2018-10-02 17:10,55.5792183,13.0088974
98,2018-10-02 17:11,55.5791167,13.0088767
98,2018-10-02 17:12,55.5792032,13.0088648
98,2018-10-02 17:13,55.579213,13.0090868
98,2018-10-02 17:14,55.5792128,13.0089939
98,2018-10-02 17:15,55.5792872,13.0091138
98,2018-10-02 17:16,55.5803417,13.0087533
98,2018-10-02 17:17,55.583294,13.0080565
98,2018-10-02 17:18,55.5821301,13.0123448
98,2018-10-02 17:19,55.5801583,13.01833
98,2018-10-02 17:20,55.5778133,13.0232133
99,2018-10-02 17:10,59.33569031743471,18.04630749488523
99,2018-10-02 17:11,59.3285461798897,18.057222482365106
99,2018-10-02 17:12,59.32806996064441,18.059045578960475
99,2018-10-02 17:13,59.32589104991955,18.066554508295933
99,2018-10-02 17:14,59.32576631855618,18.068609233986784
99,2018-10-02 17:15,59.3257635295002,18.06930065440925
99,2018-10-02 17:16,59.32599225571797,18.070071939258376
99,2018-10-02 17:17,59.32594535203013,18.07113218623978
99,2018-10-02 17:18,59.325764740926665,18.075251479643363
99,2018-10-02 17:19,59.32545321007917,18.075424319122583
99,2018-10-02 17:20,59.32295451676955,18.0749962702154
100,2018-10-02 17:10,59.271572076,18.033319596
100,2018-10-02 17:11,59.271572076,18.033319596
100,2018-10-02 17:12,59.271572076,18.033319596
100,2018-10-02 17:13,59.271591343,18.033293663
100,2018-10-02 17:14,59.2714413,18.0334268
100,2018-10-02 17:15,59.271574349,18.033283414
100,2018-10-02 17:16,59.271602706,18.033284107
100,2018-10-02 17:17,59.271622217,18.033333203
100,2018-10-02 17:18,59.271617876,18.033324485
100,2018-10-02 17:19,59.271515032,18.033255155
100,2018-10-02 17:20,59.270953923,18.032708556
101,2018-10-02 17:10,59.41549963,17.93895348
101,2018-10-02 17:11,59.42593435,17.92280163
101,2018-10-02 17:12,59.43883175,17.92446397
101,2018-10-02 17:13,59.45386462,17.91642794
101,2018-10-02 17:14,59.47174877,17.91424205
101,2018-10-02 17:15,59.48898218,17.91926133
101,2018-10-02 17:16,59.50721824,17.92442886
101,2018-10-02 17:17,59.52318174,17.92668144
101,2018-10-02 17:18,59.53859041,17.90870714
101,2018-10-02 17:19,59.55277569,17.89894338
101,2018-10-02 17:20,59.57057921,17.89808481
102,2018-10-02 17:10,59.2748751,17.8992317
102,2018-10-02 17:11,59.27593043420889,17.902147713886766
102,2018-10-02 17:12,59.275927186716906,17.902150847307713
102,2018-10-02 17:13,59.27588772007588,17.902230801831003
102,2018-10-02 17:14,59.27592740029496,17.902051308895388
102,2018-10-02 17:15,59.27593043142247,17.902035345522673
102,2018-10-02 17:16,59.27593006091557,17.90210240486061
102,2018-10-02 17:17,59.275937045437146,17.902116386732228
102,2018-10-02 17:18,59.2748751,17.8992317
102,2018-10-02 17:19,59.27591273924815,17.902085592223127
102,2018-10-02 17:20,59.2748751,17.8992317
103,2018-10-02 17:10,58.41260746121407,15.634468188509343
103,2018-10-02 17:11,58.41469313018024,15.628240182995796
103,2018-10-02 17:12,58.41546778567135,15.626737643033266
103,2018-10-02 17:13,58.41546577401459,15.626734206452966
103,2018-10-02 17:14,58.415464726276696,15.626733787357807
103,2018-10-02 17:15,58.41546409763396,15.626736721023915
103,2018-10-02 17:16,58.41546409763396,15.626736721023915
103,2018-10-02 17:17,58.4154552128166,15.626727500930429
103,2018-10-02 17:18,58.41559359803796,15.62686488032341
103,2018-10-02 17:19,58.41559359803796,15.62686488032341
103,2018-10-02 17:20,58.41559359803796,15.62686488032341
104,2018-10-02 17:10,57.67543831374496,12.301745703443885
104,2018-10-02 17:11,57.6754411,12.3018541
104,2018-10-02 17:12,57.6754203,12.3018868
104,2018-10-02 17:13,57.675461657345295,12.30196581222117
104,2018-10-02 17:14,57.6754485,12.3019206
104,2018-10-02 17:15,57.675468949601054,12.301794067025185
104,2018-10-02 17:16,57.6754492521286,12.301241783425212
104,2018-10-02 17:17,57.6783004,12.3100354
104,2018-10-02 17:18,57.6783004,12.3100354
104,2018-10-02 17:19,57.6670199,12.2969008
104,2018-10-02 17:20,57.6686781,12.298129
105,2018-10-02 17:10,59.35825617,17.8721308
105,2018-10-02 17:11,59.35824995,17.87220826
105,2018-10-02 17:12,59.35826044,17.87217523
105,2018-10-02 17:13,59.3582249,17.87219613
105,2018-10-02 17:14,59.35825026,17.87220336
105,2018-10-02 17:15,59.35819585,17.87217345
105,2018-10-02 17:16,59.35823343,17.87213265
105,2018-10-02 17:17,59.35992441,17.87049324
105,2018-10-02 17:18,59.36586332,17.86051163
105,2018-10-02 17:19,59.36925122,17.85253403
105,2018-10-02 17:20,59.37356134,17.84116446
106,2018-10-02 17:10,59.287434912182704,17.947432220230507
106,2018-10-02 17:11,59.28123675553268,17.922798492694767
106,2018-10-02 17:12,59.27085995231165,17.91061251646901
106,2018-10-02 17:13,59.2636476367624,17.895390102395396
106,2018-10-02 17:14,59.25423184723759,17.87557912916668
106,2018-10-02 17:15,59.25044598305995,17.85159190748105
106,2018-10-02 17:16,59.24132159160706,17.83631714639911
106,2018-10-02 17:17,59.236669739864624,17.814120354456417
106,2018-10-02 17:18,59.22771142793522,17.790283713206737
106,2018-10-02 17:19,59.216775,17.7715927
106,2018-10-02 17:20,59.21195467318085,17.74608255678514
107,2018-10-02 17:10,59.37582403854685,17.964267518154916
107,2018-10-02 17:11,59.3757324,17.9638193
107,2018-10-02 17:12,59.3759763,17.9640066
107,2018-10-02 17:13,59.3757327,17.9638199
107,2018-10-02 17:14,59.3757327,17.9638195
107,2018-10-02 17:15,59.3757327,17.9638197
107,2018-10-02 17:16,59.37570490965047,17.963784199342626
107,2018-10-02 17:17,59.37573980391128,17.963894141993386
107,2018-10-02 17:18,59.3758403,17.9637703
107,2018-10-02 17:19,59.3757274,17.9638002
107,2018-10-02 17:20,59.3757335,17.9638194
108,2018-10-02 17:10,59.2651364,17.9141414
108,2018-10-02 17:11,59.2652645,17.9144345
108,2018-10-02 17:12,59.2649386,17.9145234
108,2018-10-02 17:13,59.2640142,17.9100273
108,2018-10-02 17:14,59.2609077,17.9024427
108,2018-10-02 17:15,59.2651549,17.8963928
108,2018-10-02 17:16,59.2632457,17.8940275
108,2018-10-02 17:17,59.255022,17.8816752
108,2018-10-02 17:18,59.2546699,17.8638438
108,2018-10-02 17:19,59.2476826,17.8439656
108,2018-10-02 17:20,59.2438577,17.8346625
109,2018-10-02 17:10,59.33562463,18.03337157
109,2018-10-02 17:11,59.3321185,18.0311773
109,2018-10-02 17:12,59.3301322,18.0354842
109,2018-10-02 17:13,59.3290173,18.0429919
109,2018-10-02 17:14,59.3314588,18.0446732
109,2018-10-02 17:15,59.3313077,18.0498665
109,2018-10-02 17:16,59.3334203,18.0550244
109,2018-10-02 17:17,59.3325994,18.0575401
109,2018-10-02 17:18,59.3300426,18.0598783
109,2018-10-02 17:19,59.3260967,18.0640303
109,2018-10-02 17:20,59.3204615,18.0684553
110,2018-10-02 17:10,59.64466378558427,17.93315475806594
110,2018-10-02 17:11,59.64463474228978,17.9332120064646
110,2018-10-02 17:12,59.6445585,17.9332325
110,2018-10-02 17:13,59.6446719,17.933139
110,2018-10-02 17:14,59.6446322,17.9331443
110,2018-10-02 17:15,59.6446715,17.93317
110,2018-10-02 17:16,59.64463993906975,17.93320655822754
110,2018-10-02 17:17,59.64464320801199,17.933175209909678
110,2018-10-02 17:18,59.6427297,17.9331862
110,2018-10-02 17:19,59.6446884,17.9331869
110,2018-10-02 17:20,59.6446704,17.9331979
111,2018-10-02 17:10,59.6145022,17.8347078
111,2018-10-02 17:11,59.6145022,17.8347078
111,2018-10-02 17:12,59.6145022,17.8347078
111,2018-10-02 17:13,59.6145022,17.8347078
111,2018-10-02 17:14,59.61461895,17.83505588
111,2018-10-02 17:15,59.6145022,17.8347078
111,2018-10-02 17:16,59.6145022,17.8347078
111,2018-10-02 17:17,59.6145022,17.8347078
111,2018-10-02 17:18,59.6145022,17.8347078
111,2018-10-02 17:19,59.6145022,17.8347078
111,2018-10-02 17:20,59.6145022,17.8347078
112,2018-10-02 17:10,59.4294912,17.9489035
112,2018-10-02 17:11,59.4294912,17.9489035
112,2018-10-02 17:12,59.4294912,17.9489035
112,2018-10-02 17:13,59.4294912,17.9489035
112,2018-10-02 17:14,59.429491181278216,17.948903515461886
112,2018-10-02 17:15,59.4294912,17.9489035
112,2018-10-02 17:16,59.4294912,17.9489035
112,2018-10-02 17:17,59.4294912,17.9489035
112,2018-10-02 17:18,59.4294912,17.9489035
112,2018-10-02 17:19,59.4295022,17.9489516
112,2018-10-02 17:20,59.4295023,17.9489522
113,2018-10-02 17:10,59.1579765,18.1362785
113,2018-10-02 17:11,59.1579848,18.1360553
113,2018-10-02 17:12,59.1579722,18.1361579
113,2018-10-02 17:13,59.1579805,18.1360628
113,2018-10-02 17:14,59.1579817,18.1360367
113,2018-10-02 17:15,59.1579801,18.135976
113,2018-10-02 17:16,59.1579737,18.1363602
113,2018-10-02 17:17,59.1579732,18.1363554
113,2018-10-02 17:18,59.1579628,18.1363689
113,2018-10-02 17:19,59.1579703,18.1362386
113,2018-10-02 17:20,59.1579647,18.136289
114,2018-10-02 17:10,55.5355371,13.355884
114,2018-10-02 17:11,55.540502698989165,13.363210977465387
114,2018-10-02 17:12,55.5405027,13.363211
114,2018-10-02 17:13,55.5405259,13.3632893
114,2018-10-02 17:14,55.54052604445011,13.363297140859636
114,2018-10-02 17:15,55.54052604445011,13.363297140859636
114,2018-10-02 17:16,55.54054496492977,13.363232863446855
114,2018-10-02 17:17,55.54054496492977,13.363232863446855
114,2018-10-02 17:18,55.540473055712326,13.363380819721016
114,2018-10-02 17:19,55.540473055712326,13.363380819721016
114,2018-10-02 17:20,55.5355371,13.355884
115,2018-10-02 17:10,59.34962824415574,18.0503843704286
115,2018-10-02 17:11,59.350037896001176,18.05037658334648
115,2018-10-02 17:12,59.35023009213909,18.045074509144087
115,2018-10-02 17:13,59.3547293435245,18.03816365308806
115,2018-10-02 17:14,59.36107298317499,18.02704843566245
115,2018-10-02 17:15,59.3700790743636,18.02029021750735
115,2018-10-02 17:16,59.379970991147154,18.01132871190699
115,2018-10-02 17:17,59.39022772347586,17.99675951629316
115,2018-10-02 17:18,59.39733383792843,17.980520782870375
115,2018-10-02 17:19,59.406346163208326,17.96356972394774
115,2018-10-02 17:20,59.4137913558688,17.94364233094517
116,2018-10-02 17:10,59.36028865,17.86964311
116,2018-10-02 17:11,59.35906757,17.87297355
116,2018-10-02 17:12,59.3618211,17.87602144
116,2018-10-02 17:13,59.3655098,17.88026295
116,2018-10-02 17:14,59.3667844,17.8882917
116,2018-10-02 17:15,59.37072002,17.89459986
116,2018-10-02 17:16,59.37149446,17.90066891
116,2018-10-02 17:17,59.36675423,17.90102409
116,2018-10-02 17:18,59.3645167,17.9023078
116,2018-10-02 17:19,59.35974161,17.90653708
116,2018-10-02 17:20,59.35920143,17.90710934
117,2018-10-02 17:10,55.694825859480765,13.190846542150396
117,2018-10-02 17:11,55.69482230346237,13.190838856651798
117,2018-10-02 17:12,55.6963771,13.1936841
117,2018-10-02 17:13,55.6948622378851,13.19075339647812
117,2018-10-02 17:14,55.69476902885074,13.190782673744756
117,2018-10-02 17:15,55.69477296076586,13.190800384640688
117,2018-10-02 17:16,55.69479295650947,13.190862607652958
117,2018-10-02 17:17,55.69477435162472,13.19090050101941
117,2018-10-02 17:18,55.694787916723406,13.19086380013409
117,2018-10-02 17:19,55.69476302272255,13.190843958989529
117,2018-10-02 17:20,55.69478248545997,13.19082479029469
118,2018-10-02 17:10,59.3807873,18.01028725
118,2018-10-02 17:11,59.39080321,17.99502443
118,2018-10-02 17:12,59.39927354,17.97776791
118,2018-10-02 17:13,59.39963693,17.95933681
118,2018-10-02 17:14,59.39923314,17.94799134
118,2018-10-02 17:15,59.40033839,17.94138799
118,2018-10-02 17:16,59.40019141,17.9408395
118,2018-10-02 17:17,59.39948516,17.94727961
118,2018-10-02 17:18,59.39808923,17.95496801
118,2018-10-02 17:19,59.39982927,17.9755464
118,2018-10-02 17:20,59.39110097,17.99358017
119,2018-10-02 17:10,59.6447233,17.9359606
119,2018-10-02 17:11,59.6481524,17.9299031
119,2018-10-02 17:12,59.6449608,17.928665
119,2018-10-02 17:13,59.6449435,17.9286776
119,2018-10-02 17:14,59.64500011649448,17.928636392725554
119,2018-10-02 17:15,59.64500011649448,17.928636392725554
119,2018-10-02 17:16,59.6387927,17.920912
119,2018-10-02 17:17,59.6451092792662,17.928685215015197
119,2018-10-02 17:18,59.644994200364174,17.928709251663822
119,2018-10-02 17:19,59.64501071212075,17.92866267085167
119,2018-10-02 17:20,59.64505468012301,17.9286821083188
120,2018-10-02 17:10,59.3637019,18.0049352
120,2018-10-02 17:11,59.3637017,18.004935
120,2018-10-02 17:12,59.3636985,18.0049343
120,2018-10-02 17:13,59.3636989,18.0049293
120,2018-10-02 17:14,59.3636933,18.004938
120,2018-10-02 17:15,59.3636885,18.0049379
120,2018-10-02 17:16,59.3637028,18.0049037
120,2018-10-02 17:17,59.3637031,18.0048976
120,2018-10-02 17:18,59.3636992,18.0048766
120,2018-10-02 17:19,59.3636551,18.0048523
120,2018-10-02 17:20,59.3636952,18.0048229
121,2018-10-02 17:10,59.3920155,17.9035298
121,2018-10-02 17:11,59.3920113,17.9035546
121,2018-10-02 17:12,59.3920154,17.9035309
121,2018-10-02 17:13,59.3920148,17.9035269
121,2018-10-02 17:14,59.3920155,17.9035288
121,2018-10-02 17:15,59.39210242,17.90357217
121,2018-10-02 17:16,59.39210647,17.90357622
121,2018-10-02 17:17,59.39210751,17.90358012
121,2018-10-02 17:18,59.392015,17.9035311
121,2018-10-02 17:19,59.3920213,17.9036624
121,2018-10-02 17:20,59.3920219,17.9036025
122,2018-10-02 17:10,59.38316666666666,17.94538
122,2018-10-02 17:11,59.3841868,17.9453631
122,2018-10-02 17:12,59.384149,17.945462
122,2018-10-02 17:13,59.3814317,17.9448567
122,2018-10-02 17:14,59.38407,17.93684
122,2018-10-02 17:15,59.39278166666666,17.948985
122,2018-10-02 17:16,59.39817333333334,17.951436666666666
122,2018-10-02 17:17,59.40119500000001,17.952311666666667
122,2018-10-02 17:18,59.404565000000005,17.948015
122,2018-10-02 17:19,59.40650666666667,17.943320000000003
122,2018-10-02 17:20,59.406235,17.944171666666666
123,2018-10-02 17:10,59.45317685,17.95364877
123,2018-10-02 17:11,59.45317787,17.95366579
123,2018-10-02 17:12,59.4531763,17.95367764
123,2018-10-02 17:13,59.45317219,17.95368647
123,2018-10-02 17:14,59.45316815,17.95369352
123,2018-10-02 17:15,59.45316486,17.95370043
123,2018-10-02 17:16,59.45316079,17.95370513
123,2018-10-02 17:17,59.45316,17.95370561
123,2018-10-02 17:18,59.45315798,17.95370649
123,2018-10-02 17:19,59.45315803,17.95370591
123,2018-10-02 17:20,59.45315773,17.95370606
124,2018-10-02 17:10,59.31119810789824,18.02993631921709
124,2018-10-02 17:11,59.3111974792555,18.0299355648458
124,2018-10-02 17:12,59.310463475994766,18.028973154723644
124,2018-10-02 17:13,59.30895791854709,18.02601878531277
124,2018-10-02 17:14,59.30964909028262,18.027056297287345
124,2018-10-02 17:15,59.31252064649016,18.030684823170304
124,2018-10-02 17:16,59.31507817469537,18.034488363191485
124,2018-10-02 17:17,59.31539630983025,18.03534591570497
124,2018-10-02 17:18,59.31645523756743,18.04361298680305
124,2018-10-02 17:19,59.3172353412956,18.05012916214764
124,2018-10-02 17:20,59.31534911971539,18.051408659666777
125,2018-10-02 17:10,57.6995019,11.9608125
125,2018-10-02 17:11,57.6995019,11.9608125
125,2018-10-02 17:12,57.6995019,11.9608125
125,2018-10-02 17:13,57.7016208,11.9437742
125,2018-10-02 17:14,57.7016208,11.9437742
125,2018-10-02 17:15,57.690774,11.914245
125,2018-10-02 17:16,57.6919063,11.9146848
125,2018-10-02 17:17,57.690625,11.9153844
125,2018-10-02 17:18,57.689491075600245,11.918189538715884
125,2018-10-02 17:19,57.68950442332805,11.918132157607486
125,2018-10-02 17:20,57.68949779112932,11.918124375479284
126,2018-10-02 17:10,59.6484247,17.9345496
126,2018-10-02 17:11,59.6484247,17.9345496
126,2018-10-02 17:12,59.6484191,17.931948
126,2018-10-02 17:13,59.6484247,17.9345496
126,2018-10-02 17:14,59.6484247,17.9345496
126,2018-10-02 17:15,59.6484247,17.9345496
126,2018-10-02 17:16,59.6484247,17.9345496
126,2018-10-02 17:17,59.6484247,17.9345496
126,2018-10-02 17:18,59.6484247,17.9345496
126,2018-10-02 17:19,59.6484247,17.9345496
126,2018-10-02 17:20,59.6484247,17.9345496
127,2018-10-02 17:10,59.388485960662365,17.926168609410524
127,2018-10-02 17:11,59.38990015536547,17.927369233220816
127,2018-10-02 17:12,59.39031166490168,17.927698474377394
127,2018-10-02 17:13,59.39034577924758,17.927729655057192
127,2018-10-02 17:14,59.39018945675343,17.928410517051816
127,2018-10-02 17:15,59.38986914232373,17.929541487246752
127,2018-10-02 17:16,59.38971139490605,17.92979604564607
127,2018-10-02 17:17,59.38967141322792,17.929883049800992
127,2018-10-02 17:18,59.38959304243326,17.929908698424697
127,2018-10-02 17:19,59.3895418709144,17.93029493652284
127,2018-10-02 17:20,59.3889636034146,17.92982814833522
128,2018-10-02 17:10,59.19927,17.8346933
128,2018-10-02 17:11,59.19927,17.8346917
128,2018-10-02 17:12,59.19927,17.8346917
128,2018-10-02 17:13,59.19927,17.8346917
128,2018-10-02 17:14,59.19927,17.8346917
128,2018-10-02 17:15,59.1992664,17.8348136
128,2018-10-02 17:16,59.1992667,17.8348117
128,2018-10-02 17:17,59.1992667,17.8348117
128,2018-10-02 17:18,59.1992667,17.8348117
128,2018-10-02 17:19,59.1992829,17.8347659
128,2018-10-02 17:20,59.199295,17.834808333333335
129,2018-10-02 17:10,57.707803502106046,11.99267697211017
129,2018-10-02 17:11,57.70767763086259,11.991525585618492
129,2018-10-02 17:12,57.70719705379114,11.98577682097216
129,2018-10-02 17:13,57.70494611498959,11.984718479916186
129,2018-10-02 17:14,57.70286957855392,11.980724003507596
129,2018-10-02 17:15,57.701402924188265,11.982895687905533
129,2018-10-02 17:16,57.70176948473474,11.984582465773856
129,2018-10-02 17:17,57.701683878096304,11.984648743412285
129,2018-10-02 17:18,57.70190551621779,11.984951571241137
129,2018-10-02 17:19,57.70134681983155,11.983503203237206
129,2018-10-02 17:20,57.704261070449725,11.97881206035473
130,2018-10-02 17:10,57.67590293999477,12.137078651978683
130,2018-10-02 17:11,57.670920040335886,12.105159318451411
130,2018-10-02 17:12,57.67357771657792,12.072790865589988
130,2018-10-02 17:13,57.67648915441472,12.041543650120502
130,2018-10-02 17:14,57.68131594561443,12.018780362944602
130,2018-10-02 17:15,57.68965752048692,12.000877114976833
130,2018-10-02 17:16,57.70134858581935,11.99510881823197
130,2018-10-02 17:17,57.70727023746219,11.989146281542704
130,2018-10-02 17:18,57.70731099471031,11.978810401828133
130,2018-10-02 17:19,57.70768349364932,11.977753695431314
130,2018-10-02 17:20,57.70838703176455,11.972514227886371
131,2018-10-02 17:10,59.329361705160885,18.05958080731664
131,2018-10-02 17:11,59.32216307462584,18.06742112164905
131,2018-10-02 17:12,59.3154356,18.0711815
131,2018-10-02 17:13,59.305935764938,18.07675425825976
131,2018-10-02 17:14,59.30678530804804,18.07949799832852
131,2018-10-02 17:15,59.306608266316815,18.078357054011363
131,2018-10-02 17:16,59.303902135250574,18.079513761296088
131,2018-10-02 17:17,59.3001264875344,18.085051550079413
131,2018-10-02 17:18,59.29921027201673,18.082379489154388
131,2018-10-02 17:19,59.2958628,18.0649984
131,2018-10-02 17:20,59.2941542,18.0431533
132,2018-10-02 17:10,59.222642952839365,17.948381821513067
132,2018-10-02 17:11,59.22265977367063,17.948404432281386
132,2018-10-02 17:12,59.2228428950195,17.948675663236337
132,2018-10-02 17:13,59.22232718518352,17.947948049367017
132,2018-10-02 17:14,59.222295272854026,17.94799568481599
132,2018-10-02 17:15,59.2228448,17.947824
132,2018-10-02 17:16,59.222854,17.9478453
132,2018-10-02 17:17,59.2228538,17.9478454
132,2018-10-02 17:18,59.2228541,17.9478453
132,2018-10-02 17:19,59.2228538,17.9478453
132,2018-10-02 17:20,59.222854,17.9478453
133,2018-10-02 17:10,59.4172782,17.8411931
133,2018-10-02 17:11,59.4172876,17.8411982
133,2018-10-02 17:12,59.4172869,17.8412897
133,2018-10-02 17:13,59.4172757,17.8412192
133,2018-10-02 17:14,59.4172896,17.8411352
133,2018-10-02 17:15,59.4172896,17.8411656
133,2018-10-02 17:16,59.4172742,17.8411829
133,2018-10-02 17:17,59.4172733,17.8412006
133,2018-10-02 17:18,59.4172843,17.8412714
133,2018-10-02 17:19,59.4172815,17.8412656
133,2018-10-02 17:20,59.4172883,17.8412283
134,2018-10-02 17:10,59.3911048,17.9295399
134,2018-10-02 17:11,59.3911194,17.9295142
134,2018-10-02 17:12,59.3911091,17.9295641
134,2018-10-02 17:13,59.3914374,17.9295316
134,2018-10-02 17:14,59.3909083,17.9294135
134,2018-10-02 17:15,59.3912004,17.9296202
134,2018-10-02 17:16,59.3910916,17.9296334
134,2018-10-02 17:17,59.3911067,17.9296288
134,2018-10-02 17:18,59.3910909,17.9295847
134,2018-10-02 17:19,59.391112,17.929545
134,2018-10-02 17:20,59.3911049,17.9295716
135,2018-10-02 17:10,59.3973486,17.980073
135,2018-10-02 17:11,59.3894594,17.9982308
135,2018-10-02 17:12,59.3794108,18.01160134
135,2018-10-02 17:13,59.3673192,18.0205033
135,2018-10-02 17:14,59.3568137,18.0320998
135,2018-10-02 17:15,59.3511631,18.0413049
135,2018-10-02 17:16,59.3499291,18.0425123
135,2018-10-02 17:17,59.3502594,18.0488463
135,2018-10-02 17:18,59.3497085,18.0586204
135,2018-10-02 17:19,59.3466991,18.0614944
135,2018-10-02 17:20,59.3428129,18.0633885
136,2018-10-02 17:10,59.2589098,18.0810914
136,2018-10-02 17:11,59.2589219,18.081098
136,2018-10-02 17:12,59.2589149,18.0810748
136,2018-10-02 17:13,59.2589162,18.0810811
136,2018-10-02 17:14,59.2589218,18.0810989
136,2018-10-02 17:15,59.2589128,18.0810747
136,2018-10-02 17:16,59.258918,18.0810893
136,2018-10-02 17:17,59.2589067,18.0810821
136,2018-10-02 17:18,59.259005,18.080791666666663
136,2018-10-02 17:19,59.25887166666666,18.080808333333334
136,2018-10-02 17:20,59.2589761,18.0811363
137,2018-10-02 17:10,59.20225205,17.61328211
137,2018-10-02 17:11,59.19807537,17.61985842
137,2018-10-02 17:12,59.20039012,17.63074129
137,2018-10-02 17:13,59.20279848,17.62788645
137,2018-10-02 17:14,59.2027671,17.628315
137,2018-10-02 17:15,59.2028929,17.6282933
137,2018-10-02 17:16,59.2031012,17.6280826
137,2018-10-02 17:17,59.2027734,17.6282926
137,2018-10-02 17:18,59.2027627,17.6283116
137,2018-10-02 17:19,59.2027832,17.628315
137,2018-10-02 17:20,59.2027768,17.6283003
138,2018-10-02 17:10,59.2629221,18.1007563
138,2018-10-02 17:11,59.2631418,18.0995747
138,2018-10-02 17:12,59.2631419,18.0995753
138,2018-10-02 17:13,59.2631751,18.0995621
138,2018-10-02 17:14,59.26319776,18.09956003
138,2018-10-02 17:15,59.26316271,18.0995832
138,2018-10-02 17:16,59.26317736,18.09957995
138,2018-10-02 17:17,59.2618448,18.10397983
138,2018-10-02 17:18,59.26095095,18.10079934
138,2018-10-02 17:19,59.25906845,18.08865525
138,2018-10-02 17:20,59.25834639,18.08367594
139,2018-10-02 17:10,57.76507838725389,12.018061538127483
139,2018-10-02 17:11,57.75892952829391,12.00475408163029
139,2018-10-02 17:12,57.74627949004326,12.006930521612125
139,2018-10-02 17:13,57.7321617655024,12.000337302803825
139,2018-10-02 17:14,57.72014253607401,11.994154658886874
139,2018-10-02 17:15,57.71696053534602,11.982146239638569
139,2018-10-02 17:16,57.71603656226748,11.973990861966474
139,2018-10-02 17:17,57.713142986397,11.96844158170498
139,2018-10-02 17:18,57.71112704669644,11.967148543351357
139,2018-10-02 17:19,57.71054234101145,11.969234972155247
139,2018-10-02 17:20,57.70825694680808,11.97191354478661
140,2018-10-02 17:10,59.30239517614032,18.078666611737287
140,2018-10-02 17:11,59.29915145034415,18.07825811647494
140,2018-10-02 17:12,59.29905358960147,18.07660184233169
140,2018-10-02 17:13,59.29905358960147,18.07660184233169
140,2018-10-02 17:14,59.300509059026034,18.024470050825844
140,2018-10-02 17:15,59.29691402769984,18.004864294140503
140,2018-10-02 17:16,59.2905103337262,17.99358374060839
140,2018-10-02 17:17,59.28921293526999,17.966651277956515
140,2018-10-02 17:18,59.28663977322696,17.94412729053846
140,2018-10-02 17:19,59.28084629873026,17.921993824924577
140,2018-10-02 17:20,59.27089143831969,17.910646489095644
141,2018-10-02 17:10,59.6456325,17.9346419
141,2018-10-02 17:11,59.64556066152716,17.934561499987115
141,2018-10-02 17:12,59.645560523256094,17.934521904238032
141,2018-10-02 17:13,59.645525035622825,17.934566541579684
141,2018-10-02 17:14,59.64551499658687,17.93442312311835
141,2018-10-02 17:15,59.64549102353589,17.934367234674138
141,2018-10-02 17:16,59.64563887447428,17.934003241681552
141,2018-10-02 17:17,59.64556712290408,17.93438464675721
141,2018-10-02 17:18,59.645487436646896,17.934322021709608
141,2018-10-02 17:19,59.64553073239932,17.934648902328043
141,2018-10-02 17:20,59.64562301820977,17.934632817857707
142,2018-10-02 17:10,59.3167489,18.0735317
142,2018-10-02 17:11,59.3167489,18.0735317
142,2018-10-02 17:12,59.3169219,18.0736685
142,2018-10-02 17:13,59.3168308,18.073699
142,2018-10-02 17:14,59.3169113,18.0735038
142,2018-10-02 17:15,59.3168274,18.0736927
142,2018-10-02 17:16,59.3168353,18.0736863
142,2018-10-02 17:17,59.3168976,18.0735761
142,2018-10-02 17:18,59.3169195,18.0735732
142,2018-10-02 17:19,59.3169163,18.0737666
142,2018-10-02 17:20,59.3169123,18.0737431
143,2018-10-02 17:10,59.32094755522996,18.068450360736666
143,2018-10-02 17:11,59.32112096681497,18.0566521515021
143,2018-10-02 17:12,59.32061056197466,18.043965390176872
143,2018-10-02 17:13,59.31974694048585,18.033794265396686
143,2018-10-02 17:14,59.318617760707845,18.02825617880844
143,2018-10-02 17:15,59.31765546019434,18.032745720277116
143,2018-10-02 17:16,59.313245150913374,18.03153985046919
143,2018-10-02 17:17,59.309200263614144,18.025047139477135
143,2018-10-02 17:18,59.308114977250895,18.02683686077634
143,2018-10-02 17:19,59.30741988750963,18.02952135757483
143,2018-10-02 17:20,59.30745991944967,18.029595912020355
144,2018-10-02 17:10,59.2693963,18.0085129
144,2018-10-02 17:11,59.2774762,18.0198231
144,2018-10-02 17:12,59.28004952872712,18.03577874816741
144,2018-10-02 17:13,59.2853288,18.0459733
144,2018-10-02 17:14,59.2910046,18.0547403
144,2018-10-02 17:15,59.2946451,18.0345176
144,2018-10-02 17:16,59.2966229,18.0316244
144,2018-10-02 17:17,59.3026166,18.0223246
144,2018-10-02 17:18,59.309267614816925,18.02578199772405
144,2018-10-02 17:19,59.31499418047307,18.03432836302057
144,2018-10-02 17:20,59.31614371215535,18.03354987662688
145,2018-10-02 17:10,59.6456325,17.9346419
145,2018-10-02 17:11,59.6456325,17.9346419
145,2018-10-02 17:12,59.6456325,17.9346419
145,2018-10-02 17:13,59.6452884,17.9346655
145,2018-10-02 17:14,59.6454028,17.9346184
145,2018-10-02 17:15,59.64545093215133,17.934705133690127
145,2018-10-02 17:16,59.6456325,17.9346419
145,2018-10-02 17:17,59.6456325,17.9346419
145,2018-10-02 17:18,59.6456325,17.9346419
145,2018-10-02 17:19,59.64548850278173,17.934597279516595
145,2018-10-02 17:20,59.64556947397968,17.93467295125242
146,2018-10-02 17:10,57.7575517,12.0542655
146,2018-10-02 17:11,57.7574791,12.0545641
146,2018-10-02 17:12,57.757505,12.054445
146,2018-10-02 17:13,57.7575136,12.0545187
146,2018-10-02 17:14,57.7575409,12.054309
146,2018-10-02 17:15,57.7575483,12.054055
146,2018-10-02 17:16,57.7575283,12.0544683
146,2018-10-02 17:17,57.7575283,12.0544683
146,2018-10-02 17:18,57.7575267,12.05428
146,2018-10-02 17:19,57.7574457,12.0553547
146,2018-10-02 17:20,57.7574218,12.0552229
147,2018-10-02 17:10,59.23616731,18.22661419
147,2018-10-02 17:11,59.23616712,18.22661383
147,2018-10-02 17:12,59.23616758,18.22661284
147,2018-10-02 17:13,59.23616738,18.22661168
147,2018-10-02 17:14,59.23616779,18.22661118
147,2018-10-02 17:15,59.23616747,18.22661158
147,2018-10-02 17:16,59.23616738,18.22661103
147,2018-10-02 17:17,59.23616728,18.22661095
147,2018-10-02 17:18,59.23616719,18.22661065
147,2018-10-02 17:19,59.23616667,18.22661107
147,2018-10-02 17:20,59.23616638,18.22660999
148,2018-10-02 17:10,58.4267049,15.6825821
148,2018-10-02 17:11,58.4267049,15.6825821
148,2018-10-02 17:12,58.4267049,15.6825821
148,2018-10-02 17:13,58.4267049,15.6825821
148,2018-10-02 17:14,58.4267049,15.6825821
148,2018-10-02 17:15,58.4267049,15.6825821
148,2018-10-02 17:16,58.4267049,15.6825821
148,2018-10-02 17:17,58.4267049,15.6825821
148,2018-10-02 17:18,58.4267049,15.6825821
148,2018-10-02 17:19,58.4267049,15.6825821
148,2018-10-02 17:20,58.4266945,15.6825801
149,2018-10-02 17:10,59.3156062,18.0772764
149,2018-10-02 17:11,59.3156077,18.0772798
149,2018-10-02 17:12,59.3156076,18.0772792
149,2018-10-02 17:13,59.3156074,18.0772744
149,2018-10-02 17:14,59.3156086,18.0772733
149,2018-10-02 17:15,59.3156078,18.0772694
149,2018-10-02 17:16,59.3155716,18.079336
149,2018-10-02 17:17,59.3146273,18.0764402
149,2018-10-02 17:18,59.3154201,18.0728202
149,2018-10-02 17:19,59.3198596,18.0696693
149,2018-10-02 17:20,59.3216924,18.0724687
